"1 ATWOOD EAGLE SS Korkut New Era 1982 2002 ABS 5,000 5,000 25,000 3Q/16 Australia 7,800 - 120 325 200 24 55 4,500 20x40 NA NA 3.25 ORQ+20 3,300 3.5 10,000 13 52.5 30 - - 45 1,200 Pyramid 40x40 3,000 Oilwell 1.5 60.5 Varco Varco-TDS-4S W.G. 650 P none Petron - 15,000 - - 3 N-O A1700PT 3,624 1,282 2,614 10,000 Y 3+3 1 1 1,600 12 W.G. 59 E 21 75 B Vetco 5,000 10 3.75 3.8/2.5 2 4 Cameron 2 Shaffer 13x15 340 H4E Bias Shaffer Y 960"
"- ATWOOD FALCON SS Korkut New Era 1983 2011 ABS 5,000 5,000 25,000 3Q/16 Australia 7,800 - 122 325 226 24 55 4,400 20x40 NA NA 3 R3S 4,500 3.5 8,000 10 45.5 33.5 - - 15 1,000 Pyramid 40x40 3,000 Oilwell 1.5 60.5 NOV Varco-TDS-4H W.G. 650 P none Petron - 1"
"- ATWOOD HUNTER SS Korkut New Era 1981 2001 ABS 5,000 5,000 25,000 - West Africa 8,050 - 120 290 246.7 24 55 3,630 20x40 NA NA 2.75 ORQ+20 4,500 3.25 8,000 11 52.5 31.5 - - 30 1,200 Pyramid 40x40 3,000 Oilwell 1.5 49.5 NOV ST80 Varco-TDS-4S W.G. 650 P non"
"2 ATWOOD OSPREY SS F&G ExD Millennium 2011 - ABS 8,200 8,200 32,000 2Q/17 Australia - - 200 354 244 27.4 55.7 7,000 - NA NA 3.75 RQ-4 3,500 3.625 6,000 13.22 115 115 - - 25 2,000 Loadmaster 46 x 52 6,900 NOV 2 60.5 NOV ST-120 NOV TDS-1000A NOV AHD - A NOV HydraRacker NOV - 20,000 - - 4 Lewco 15,950 incl. - 28,000 Y 6 1 1 3,600 6 NOV 60 - 20 75 B Aker 7,000 15 3 - 2 5 Hydril 2 Hydril - - H4 Mux Hydril - -"
"3 OCEAN AMERICA SS Odyssey 1988 2004 ABS 5,500 5,500 30,000 2Q/15 Australia 18,120 - 123 401 259 27 80 7,835 21x44 - NA 3.25 AB/RQ4 4,775 3.5 5,600 11 78.5 78.5 90.3 - 30 1,800 Branham 40x40 3,000 C-E 1.625 49.5 Varco AR3200 Varco-TDS-4S Shaffer 600 P BJarm Petron - 15,000 - - 3 Continental Emsco FB1600 2,820 5,220 1,800 24,000 N 5 1 1 1,280 8 Shaffer 49.5 E 21 50 T Cameron 6,400 15 3 2.5/4 4 4 Hydril 2 Cam./Hyd. 14.5x19.6 473 Vetco H-4 HYD Cameron Y 2,500"
"4 OCEAN APEX SS Enhanced Victory/Crucifix Form 2014 - ABS 5,000 6,000 30,000 1Q/15 Vietnam 12,000 4.5 140 328 320 46 74 7,000 41x81 NA NA 3.25 RQ5 4,200 3.75 8,000 16 56 50 80 35 - 2,000 NOV 40 x40 4,000 NOV Udbel 2 49.5 NOV ST-120 NOV TDX-1000 NOV 800 P NOV BR-10-SD-D - - - - - 4 NOV 14-P-220 - 8,000 - 25,000 - - - - 1,600 8 - 24 FT-E - 75 - Shaffer - 15 3 - - 5 Shaffer 2 Shaffer - - - - - - -"
"- OCEAN BARONESS SS Victory 1973 2001 ABS 7,000 8,000 35,000 3Q/15 Brazil 12,940 4 138 324 327 42 74.5 5,500 91x25 - NA 3.25 ORQ+20 4,200 3.5 10,000 11 62 62 62 - 40 2,000 Loadmaster 48x46 4,000 National 2 60.5 Hydralift National PS-1000 Hydralift 1,000 P"
"5 OCEAN ENDEAVOR SS Victory 1975 2007 ABS 8,000 10,000 35,000 4Q/15 Italy 12,940 4 140 324 327 42 74.5 6,000 91x25 - - 3.25 RQ4 4,200 3.5 10,800 11 89.5 89.5 56 - 41 2,000 National 48x46 4,000 National 2 60.5 Hydralift National PS-1000 Hydralift 1,000 P Bridgeracker Hitec - - 8,000 - 4 N-O FC2200(3), A1700PT(1) 2,943 13,000 incl. 26,480 Y 5 1 1 3,600 6 Hydralift 60.5 F 21 75 T/B S&S 8,000 15 4.5 4 4 5 Hydril 2 Hydril 16.4x19.6 694 DWH4 MUX Hydril Y 2,500"
"- OCEAN MONARCH SS Victory 1974 2008 ABS 8,000 10,000 35,000 1Q/15 SEAsia 12,940 4 150 324 327 42 74.5 6,000 91x25 - - 3.25 RQ5 4,200 3.75 10,400 16.5 89.5 89.5 56 - 37 2,000 National 48x46 4,000 National 2 60.5 Hydralift National PS-1000 Hydralift 1,000 "
"6 OCEAN ONYX SS Victory 2013 - ABS 6,000 - 30,000 1Q/15 GoM 10,750 4 140 327 315 42 74.5 5,600 41x81 - NA 3.25 RQ4 4,200 3.5 8,800 15 60 60 75 35 - 1,600 NOV Dreco 40x40 3,000 C-E 1.75 49.5 NOV ST-120 NOV-TDS-4S NOV 600 P - - - - - - 4 NOV 12-P-160 - 6,900 - 13,800 - - - - 1,600 8 - 49.5 FT-E - 75 - Shaffer - 15 3 - - 5 Shaffer 2 Shaffer - - - - - - -"
"- OCEAN QUEST SS Victory 1973 1996 ABS 3,500 4,000 25,000 4Q/14 Malaysia 9,075 4 99 324 336 32 70 5,600 19x35 - - 3.25 ORQ+20 3,200 3.5 8,800 11 56 56 56 - - 1,150 Pyramid 40x40 3,000 C-E 1.625 49.5 Varco AR3200 Varco-TDS-4S Shaffer 400 P - Totco 20,000 -"
"7 OCEAN ROVER SS Victory 1973 2002 ABS 8,000 8,000 35,000 1Q/16 SEAsia 12,940 4 130 324 327 42 74.5 5,500 91x25 - - 3.25 ORQ+20 4,200 3.5 10,000 11 110 66 62 - 40 2,000 Dreco 48x46 4,000 National 2 60.5 Hydralift National PS-1000 Hydralift 1,000 P Hydraracker Hitec 9,500 21,000 - 8,000 4 N-O FC2200(3), A1700PT(1) 2,943 4,000 incl. 17,120 Y 5 1 1 3,600 6 Hydralift 60.5 F 21 75 T/B Shaffer 6,500 15 4.5 4 4 4 Hydril 2 Hydril 16.4x19.6 694 DWHC MUX Hydril Y 2,500"
"8 OCEAN STAR SS Victory 1973 1996 ABS 5,500 5,500 30,000 2Q/14 Brazil 10,750 3.5 116 336 315 32 74 5,600 20x20 - - 3.25 ORQ+20 4,000 3.5 8,800 15 60 60 60 - 25 1,300 Pyramid 40x40 3,000 Oilwell 1.625 49.5 Varco AR3200 Varco-TDS-4S Westech Gear 600 p - MD Totco 5000 15,000 - - 3 National Oilwell 12P-160 1,584 1,350 incl. 18520 Y 4 1 1 1,280 8 Shaffer 49.5 E 21 75 B Shafer 5,500 15 3 4 4 4 Shaffer 2 Shaffer 14.5x16.67 480 H4 HYD Shaffer Y 1,280"
"9 OCEAN VICTORY SS Victory 1973 1997 ABS 5,500 5,500 25,000 2Q/17 GoM 9,075 4 110 336 315 32 74 5,700 20x17 - - 3.25 ORQ+20 4,200 3.5 8,800 11 56 56 56 - 25 1,500 Dreco 40x40 3,000 C-E 1.625 49.5 Varco AR3200 Varco-TDS-4S Shaffer 500 P - MDT 15,000 - - - 3 Continental Emsco FB1600 3,200 incl. incl. 13,800 Y 4 1 1 1,280 8 Shaffer 49.5 E 21 75 B Shaffer 5,075 15 3 2.3/4 4 4 Shaffer 2 Shaffer 16.67x16.67 477 H4 HYD Shaffer N 2,000"
"- OCEAN WINNER SS Enhanced Aker H-3 1976 - DNV 3,500 4,000 25,000 1Q/15 Brazil 3,880 4 96 355 248 22 70 3,920 15X36 - - 3 ORQ+20 4,500 - - 10 60 60 - - - 1,000 Golar-Nor 40x40 3,000 National 1.5 49.5 Varco AR3200 Varco-TDS-4S Shaffer 500 p - MD Totco 16,5"
"- OCEAN WORKER SS Enhanced Pacesetter 9500 1982 - ABS 3,500 4,000 25,000 1Q/15 Brazil 13,280 4.5 108 303 200 25 65 4,428 20 x 23 - - 3 ORQ+20 4,880 3.5 5,000 16.5 57.9 57.9 56 - - 1,050 Dreco 40x40 3,000 National 1.625 49.5 Varco AR3200 Varco TDS-4H NOV 6"
"10 OCEAN VALIANT SS Odyssey 1988 1999 ABS 5,500 5,500 30,000 available W. Africa 18,120 12 140 401 259 27 80 7,050 21x44 - 4x2,700 3.25 ORQ+20 4,500 3.5 5,600 12 78.5 78.5 78.5 - 30 1,500 DSL 40x40 3,000 C-E 1.625 49.5 Varco AR3200 Varco-TDS-4S Shaffer 600 P BJarm Petron - 18000 - - 3 Continental Emsco FB1600 2,820 incl. incl. 24,000 Y 4 - - 1,280 8 Shaffer 49.5 E 21 50 B Cameron 5,120 15 3 2.5/4 4 4 Cameron 2 Cameron 14.5x19.6 473 H4 HYD Cameron Y 2,500"
"11 BLACKFORD DOLPHIN SS Deepwater Enhanced Aker H-3 1974 2008 DNV 6,000 7,000 30,000 3Q/16 India 19,300 - 130 355 276 22 70 4,500 32x20 - - 3.25 R4 4,200 3.75 9,000 15 85 85 - - 85 1,500 Dreco 40x35 4,500 National 1.875 60.5 Hydratong National EPS 750-E-AC-KT National CMC-1500 800 A HydraRacker NOV Cyberbase - 25,000 - - 3 National Oilwell 14P-220 2,360 2,640 2,735 17,360 N 5 1 1 2,400 6 National 60.5 E 21 70 B Vetco 6,000 15 3 4 1 5 Hydril 2 Hydril NA NA DWHD H-4 MUX Vetco Y 1,500"
"12 ENSCO 5001 SS Sonat 1974 1999 ABS 5,000 5,000 25,000 1Q/15 Eq. Guinea 13,000 - 140 378.5 264 33 75 4,100 22x94 NA NA 3.25 R3S 3,500 3.5 10,000 8x14.88 66 50 - - 35 1,500 Bailey 40x40 3,000 National 1.75 60.5 M-H Hydralift HPS-650 NOV-CMC 600 P BJ-2 arm Hitec 5,827 26,900 - - 4 2xC-E FA-1600/1xFC-1600/1xNOV 12-P-60 5,308 - 6,489 21,000 N 4 1 1 1,910 10 NOV Hydralift 60.5 G 21 75 Both Cameron 6,825 15 3.5 1x3.50/2x2.057 3 4 Cameron 2 Hydril NA NA Vetco H4-ExF MUX Cameron - 1,500"
"13 ENSCO 5006 SS Bingo 8000 1999 1999 DNV 5,000 7,500 25,000 1Q/18 Egypt 12,220 - 120 390 234 30 78 8,322 21.4x100 NA NA 3.25 R3S 2,500 3.75 10,600 8x16.5 89 66 - - 35 1,600 Loadmaster 40x44 3,000 National 1.75 60.5 Varco AR-3200 Varco TDS-4S NOV-CMC 600 P M-H Column Hitec - 21,160 - 6,930 3 NOV 14-P-220 5,100 4,800 24,324 20,600 Y 5 1 2 1,932 12 NOV Hydralift 60.5 H 21 75 Both Cameron 6,000 15 4 1x4.00/2x2.04 3 4 Cameron 2 Hydril NA NA Vetco HDH4 MUX Cameron - 2,000"
"14 NOBLE AMOS RUNNER SS EVA-4000™ 1982 1999 ABS 8,000 8,000 32,500 4Q/15 GoM 12,500 3.5 122 348.6 328.25 15.75 79 4,000 25x45 - - 2.75 ORQ3 4,250 3.25 10,500 13.5 65 65 43 - 50 1,500 Dreco 40x40 3,000 Oilwell 1.75 60.5 Varco AR3200C Varco-TDS-4S Shaffer 800 P Varco-PRS-4i Totco - 20,000 1,000 - 3 2 CE-2200/NOA1700PT 1,500 13,000 2,155 18,250 Y 5 1 1 1,920 12 Shaffer 60 E/F 19.75 75 T Shaffer 8,000 15 4.5 4.75 4 4 Shaffer 2 Shaffer 17x19 520 Vetco HDH4 MUX Shaffer Y 2,000"
"15 NOBLE CLYDE BOUDREAUX SS Modified Enhanced Pacesetter 1987 2007 ABS 7,500 10,000 35,000 3Q/15 Australia 12,900 4 200 318 248 29 66 5,555 90x20 - - 3.25 RQ5 3,200 3.75 12,000 20 125 125 - 5.5 40 2MM/1MM Dreco 40x69 4,000/2,000 National 2/1.375 60.5/49.5 (2) AR5000 MW Oilwell PS2/SW Oilwell PS50A Shaffer 1,000/650 P/P Varco-PRS-4i(2) Cyberbase 10,000 - 5,000 - 4 N-O FC 2200 3,000 7,085 - 25,800 Y 4 1 1 1,920 12 Shaffer 60 S-FTH 21 75 T Shaffer 7,500 15 4.5 4 5 6 Shaffer 2 Shaffer 15x19 748 Vetco HDH4 MUX Shaffer Y 2,000"
"16 NOBLE DRILLER SS Aker H-3 Semi (Enhanced) 1976 2009 DNV 5,000 5,000 30,000 3Q/14 GoM 13,500 4 112 355 241 22 70 3,719 63x18x31 NA NA Knk Boom"" 40 2MM/1MM Dreco 40x69 4,000/2,000 80 52.5 NA NA 120 1,300 Woolslayer 40x40 3,300 National 1625E 1.5 49.5 MH1898-BC251 DDM 650 HYC-350-H Hydralift C.M.C 600 P MH MDTotco 25,000 25,000 NA NA 4 National 12-P-160 1,700 4,266 NA 18,008 Y 5 1 NA 1,600 8 Control Flow 49.5 F 21 75 B Vetco H.M.F. 5,000 10 3 3.75 3 6 Cameron 2 NOV 15x21 625 Vetco H4 E HYD Oceaneering Y 1,000"
"17 NOBLE HOMER FERRINGTON SS Enhanced Pacesetter 1984 1999 ABS 7,200 7,200 25,000 3Q/14 Med 10,000 3.5 150 338.9 225.6 19 55 4,000 79x20 - - 2.75 K4 3,750 3.25 9,000 13.5 65 65 43 - 40 1,500 Dreco 40x40 3,000 Oilwell 1.75 60.5 Varco AR3200 Varco-TDS-4S Shaffer 600 P Varco-PRS-4i Totco 4,000 20,000 - 5,250 4 N-O 12P-160 2,500 4,000 2,324 14,550 Y 5 1 1 1,920 12 Shaffer 60 E/F 19.75 75 T Shaffer 7,200 15 4.5 4 4 4 Shaffer 2 Shaffer 15x19 560 Vetco HDH4 MUX Shaffer Y 2,000"
"18 NOBLE JIM THOMPSON SS EVA-4000™ 1982 1999 ABS 6,000 6,000 30,000 4Q/14 GoM 10,000 3.5 136 348.6 328.25 15.9 75-79 4,000 25x45 - - 2.75 R5 4,250 3.25 10,500 13.5 65 65 40 - 40 1,500 Dreco 40x40 3,000 Oilwell 1.75 60.5 Varco AR3200 Varco-TDS-4S Shaffer 600 P Varco-PRS-4i Totco - 20,000 - - 4 A1700PT/ 1 NOV D750L Riser Boost 2,000 13,000 2,155 18,250 Y 5 1 1 1,600 10 Shaffer 60 E/F 21 75 T Shaffer 7200 15 4.5 4 4 4 Shaffer 1 Shaffer 19x17 520 Vetco H4EXF MUX Shaffer Y 2,000"
"- NOBLE MAX SMITH SS EVA-4000™ 1980 1999 ABS 7,000 7,000 25,000 3Q/14 Brazil 10,000 3.5 130 348.6 328.25 17 79 4,000 25x45 - - 2.75 ORQ3 4,250 3.25 10,500 13.5 65 65 43 - 50 1,500 Dreco 40x40 3,000 C-E 1.75 60.5 Varco AR3200 Varco-TDS-4S Shaffer 800 P Var"
"- NOBLE PAUL ROMANO SS EVA-4000™ 1981 1998 ABS 6,000 6,000 28,000 4Q/14 Malta 10,000 3.5 122 348.6 328.25 34 79 4,000 25x45 - - 2.75 Grade 5 4,250 3.25 10,500 13.5 65 65 43 - 40 1,500 Dreco 40x40 3,000 Oilwell 1.75 60.5 Varco AR3200C Varco-TDS-4S Shaffer "
"- MSS2 (prev. NOBLE THERALD MARTIN) SS Pentagon 1975 2003 ABS 2,350 4,000 25,000 4Q/15 Brazil 8,400 3 120 324 338 24.6 71.5 2,315 52.3x19.5 - - 3 ORQ 1,250 2.75 5,600 9.3 57 57 16 16 - 1,100 C. E. 36x36 3,000 Emsco C-3 1.5 49.5 Varco AR3200C National PS2-"
"- MSS3 (prev. NOBLE LORRIS BOUZIGARD) SS Pentagon-85 1975 2003 ABS 4,000 4,000 25,000 - GoM 8,400 3 120 324 338 24.6 71.5 2,400 52.3x19.5 - - 3 ORQ 1,250 2.75 5,600 9.3 57 57 16 16 - 1,150 C.E. 36x36 3,000 National 1.5 49.5 Varco AR3200C National Shaffer "
"19 DEEPWATER NAUTILUS SS RBS-8M 1999 - ABS 8,000 8,000 30,000 3Q/17 GoM 25,200 4.5 150 392 308 28.9 75.5 9,701 21x93 - - 3.56 K4 3,000 3.75 15,000 19.8 101.4 101.4 - - 39 2,500 Dreco 48x48 8,400 Hitec 2 60.5 Varco AR3200 Varco TDS-8SA Hitec AHD - A Varco-PRS-4i (2) Hitec - Y - - 4 NOV 14-P-220 4,000 5,712 3,019 26,364 - 7 - - 4,800 6 Hydralift 60.5 G 21.25 90 T/B Vetco - 15 4.5 3.826 4 5 Cameron 2 Cameron 13.8x17.5 614 Vetco SHDH4 MUX Cameron Y 2,000"
"20 GSF CELTIC SEA SS F&G L907 Enhanced Pacesetter 1982 1998 ABS 5,750 5,750 28,000 3Q/14 Angola 19,000 5 140 320 285 25 68.6 5,600 76.5x22 - 4x2,400, 2x2,150 3 ORQ-K4 4,500 3.5 10,000 16.5 85 85 - - 30 1,600 Dreco 40x40 3,000 National 1.75 49.5 Varco AR3200 Varco TDS-4S Shaffer 600 P - Hitec Y - - - 3 National Oilwell 12P-160 2,470 5,802 1,418 22,925 Y 4 2 1 1,920 12 Shaffer 20 F 21 75 T/B S&S 5,600 15 3 4 4 4 Cameron 2 Shaffer 12x16 520 HDH4 MUX Cameron N 1,300"
"21 HENRY GOODRICH SS Sonat/Mitsui SES-5000 1985 2007 DNV 5,000 5,000 30,000 3Q/14 Canada 22,528 - 145 320 251 43 93 5,512 23x26 - 2x6,904 3 K4 12x5,500 - - 16.5 83 83 - - 2x20 1,500 M-H 40x40 3,000 C-E 1.75 49.5 M-H Varco TDS-4S M-H 600 P - M-D - Y Y - 3 Continental Emsco FB1600 1,700 1,800 4,060 30,000 - 5 1 - 1,600 16 Hydril 49 E 21 75 T S&S 1,500 15 3 2.5 1 5 Shaffer 2 Shaffer - - Vetco EXF HYD Shaffer N -"
"22 JACK BATES SS F&G L1020 Trendsetter 1986 1997 ABS 5,400 5,400 30,000 2Q/14 Australia 20,000 7 118 370 255 29 80 6,736 28x38 - 2x7,000 3.56 ORQ 3,000 3.75 10,000 16.5 83 83 - - 33 2,000 Dreco 40x40 3,000 C-E 1.75 49.5 Varco AR3000 Varco TDS-4S Western Gear 600 P M-H Y Y - - - 3 National Oilwell A1700 4,000 1,650 6,050 29,760 N 4 1 1 1,500 16 W.G. 21 E 21 60 T/B Shaffer 5,400 15 3 3.38 1 4 Cameron 2 Cameron 15.6x12.5 485 Vetco HDH4 MUX Shaffer Y 2,000"
"23 M.G. HULME, JR SS F&G 9500 Enhanced Pacesetter 1983 1996 ABS 5,000 5,000 25,000 2Q/14 India 7,800 7 140 296 228 30 60 4,480 82.5x21.3 - - 3.56 ORQ 8x2,000 3.5 - 6x15, 2x18 55 55 70 - - 1,393 Branham 40x40 3,000 National 1.5 49.5 Varco AR3200 Varco TDS-4S Vetco 400 P - M-D Y - - - 3 National Oilwell 12P-160 751 2,259 3,588 20,106 - 4 - - 1,440 6 Shaffer 21 E 21 60 T/B Vetco 5,000 15 3 3.375/2.25 2 4 Cameron 2 Cameron 12.8x12.2 465 Vetco EXF HYD Shaffer Y 1,500"
"- TRANSOCEAN LEADER SS Aker H-4.2 1987 1997 DNV 4,500 4,500 25,000 1Q/15 Norway 17,760 5 110 360 240 25 77 5,071 23x33 - 4x3,500 3.3 K4 6,562 3.63 11,110 16.5 44 44 - - - 1,500 Dreco 40x40 3,000 C-E 1.625 49.5 M-H Varco TDS-4 M-H 600 A M-H Totco Y - - - 3"
"24 TRANSOCEAN MARIANAS SS Sedco 700 Series 1979 1998 ABS 7,000 7,000 25,000 1Q/15 South Africa 23,550 3 146 315 249 30 81 3,967 23x70 - - 3.3 K4 2,450 3.75 - 20 75 75 - 20 20 1,500 Pyramid 40x40 3,000 National 1.75 49.5 Varco AR3200 Varco TDS-4S M-H 600 P M-H Hitec - Y - - 4 CE FB2200(3)/CE FB1600(1) 2,935 1,800 3,296 15,600 Y 6 - 1 1,600 8 Westech 21 E 21 75 T/B Vetco 7,125 15 4.5 3.826 2 4 Hydril 2 Shaffer 17.5x14 628 Vetco EXF MUX Hydril Y 1,400"
"- ABAN ABRAHAM DS Gusto Pelican Class 1976 2008 DNV 6,600 7,000 25,000 - NA 24,000 11 136 456 97.6 - 24.6 8,950 26.9x23.6 DP-2 5x1,750 2 - - - - 2x4.64 40 40 - - - 1,350 Pyramid 44x36 3,000 National 1.875 49.5 Rogers ROT 8.5 Can Rig 750 T A/C Drive Shaffe"
"ATWOOD OCEANICS, INC. – Contact: Kim Erb, 15835 Park Ten Place, Houston, TX 77218; Phone: (281) 749-7800; Fax: (281) 578-325; e-mail: kerb@atwd.com; www.atwd.com"
"25 ATWOOD ADVANTAGE DS DSME 12,000 Ultradeepwater DS 2013 - - 12,000 12,000 40,000 2Q/17 GoM - - 200 780 137 - 39 23,000 - DP-3 6 - - - - - - 100 100 100 - - 2,500 NOV 59x80 1,500 NOV - 75.5 NOV ST-160 NOV HTB-1250 NOV 364 A NOV HydraRacker NOV Cyberbase - - - - 4 NOV 14P-220 - - - - - 8 - 2 4,000 16 NOV 75.5 Clip 21 75 - Aker 10,000 15 - - - 7 Hydril 2 Hydril - - HDH4 MUX Hydril - 2,500"
"26 ATWOOD CONDOR SS F&G ExD Millennium 2012 - ABS 10,000 10,000 40,000 4Q/16 GoM - - 200 387 299 - 65.6 8,000 - DPS-2 8 - - - - - - 108 108 - - - 2,000 NOV 49x52 1,000 NOV - 60.5 NOV ST-120 NOV TDX-1250 NOV 2,000 A NOV Dual HydraRacker NOV - - - - 4 NOV 14P-220 - - - - - 6 - 2 3,600 6 NOV 60.5 Clip 21 75 - Aker 10,000 15 - - - 6 Hydril 2 Hydril - - HDH4 HYD Hydril - -"
"- HYSY 981 SS - 2012 - ABS 9,840 9,840 32,800 3Q/14 South China Sea - - - 374 292 - - 9,000 - DP-3 - - - - - - - - - - - - - - - - - - - - - - - - - - - - - - - - - - - - - - - - - - - - - - - - - - - - - - - - - - - - - - - - -"
"27 OCEAN ALLIANCE SS 4th Gen. Odeco 1988 - ABS 5,250 5,250 25,000 2Q/16 Brazil 37,600 6 120 402 259 29 76 4,300 23x25 DP-2 8x4,000 3.25 ORQ+20 5,500 - - 22.5 65 65 65 - 30 1,800 Branham 40x40 3,000 National 1.625 49.5 Varco AR3000 Varco-TDS-4S Shaffer 600 P M-H Various 17,500 - - - 3 National Oilwell 12P-160 2,980 900 incl. 26,000 Y 4 1 1 1,280 8 Shaffer 49.5 E 21 50 T/B Vetco 5,000 15 3.5 3.5 4 4 Shaffer 2 Shaffer 16.67x16.67 500 HDH4 MUX Shaffer N 2,500"
"28 OCEAN BLACKHAWK DS Gusto P10,000 2013 - ABS 10,000 12,000 40,000 2Q/19 GoM 27,000 12.5 210 754 118 29 36 22,045 73x41 DPS-3 6 - - - - - - 110 180 - - - 4,000 NOV 80x60 9,000 NOV - - NOV MPT NOV TDX-1250 - 400 A - - - - - - 5 NOV 14-P-220 - 23,500 - 30,000 - - - - 3,600 8 NOV 21 H 21 75 - Vetco - 15 3 - - 7 Hydril 2 Hydril - - - MUX - - -"
"29 OCEAN BLACKHORNET DS Gusto P10,000 2013 - ABS 10,000 12,000 40,000 3Q/19 GoM 27,000 12.5 210 754 118 29 36 22,045 73x41 DPS-3 6 - - - - - - 110 180 - - - 4,000 NOV 80x60 9,000 NOV - - NOV MPT NOV TDX-1250 - 400 A - - - - - - 5 NOV 14-P-220 - 23,500 - 30,000 - - - - 3,600 8 NOV 21 H 21 75 - Vetco - 15 3 - - 7 Hydril 2 Hydril - - - MUX - - -"
"30 OCEAN CLIPPER DS Converted Tanker 1977 1999 ABS 7,875 7,875 25,000 4Q/15 Brazil 25,200 9 140 528 109 24 24 11,384 20x18 DP-2 5x1,840, 1x2,375, 2x6,750 - - - - - - 56 56 35 - 50 1,400 Pyramid 40x40 3,000 National 1.625 60.5 Varco AR3200 Varco-TDS-4S Shaffer 600 P Patriot MDT 24,000 10,000 - - 3 National Oilwell 12P-160 1,189 3,652 incl. 15,400 Y 4 1 1 1,920 12 Shaffer 60.5 FT 21 75 Both Shaffer 7,500 15 3 4 4 5 Shaffer 2 Shaffer 19.67x16.25 542 HDH4 MUX Shaffer Y 2,000"
"31 OCEAN CONFIDENCE SS Aker H-3.2 Mod 1988 2000 ABS 10,000 10,000 35,000 4Q/15 W. Africa/GoM 53,083 3.5 146 320 238 39 75 6,600 26x74 DP-3 8x4,000 3 K4 3,500 - - 11 50 50 100 - 38 2,000 Pyramid 50x50 5,000 C-E 1.75 60.5 Varco AR3200 Varco-TDS-6S Shaffer 1,000 P Varco-PRS-4i VICIS 7,000 10,000 18,500 - 4 Continental Emsco FC-2200 4,889 4,800 incl. 25,000 Y 6 1 1 2,500 12 Shaffer 60.5 G 21 75 T/B Shaffer 7,500 15 4.5 4.5 4 6 Shaffer 2 Shaffer 19.67x16.25 661 DWHC MUX Shaffer Y 2,500"
"32 OCEAN COURAGE SS 6th Gen. F&G ExD Millennium 2009 - ABS 10,000 10,000 40,000 1Q/15 Brazil 40,480 8.5 164 398 298 27.6 55.8 8,000 135.6x29.52 DP-2 8x4,425 3.3 ORQ4 1443 - - 13.22 100 100 15 - 44 2,000 AKMH 46x52 4,500 Wirth 2 60.5 BC26-MH-1899 AKMH-DDM-AC-2M AKMH 1,500 A Bridge Crane AKMH Drillview 12,000 17,000 - 15,000 4 Wirth TPK 7-1/2 x 14 / 2200 7,246 12,178 incl. 23,307 Y 5 1 1 3,600 6 AKMH 60.5 LK 21 75 T/B Cameron 10,000 15 4.5 4 / 3.5 5 6 Cameron 2 Cameron 15.75x18.04 860 EVO CON MUX Cameron Y 3,500"
"33 OCEAN VALOR SS 6th Gen. F&G ExD Millennium 2009 - ABS 7,500 10,000 40,000 4Q/15 Brazil 40,480 8.5 164 398 298 27.6 55.8 8,000 135.6x29.52 DP-2 8x4,425 3.3 ORQ4 1443 - - 13.22 100 100 15 - 44 2,000 AKMH 46x52 4,500 Wirth 2 60.5 BC26-MH-1899 AKMH-DDM-AC-2M AKMH 1,500 A Bridge Crane AKMH Drillview 12,000 17,000 - 15,000 4 Wirth TPK 7-1/2 x 14 / 2200 7,246 12,178 incl. 23,307 Y 5 1 1 3,600 6 AKMH 60.5 LK 21 75 T/B Cameron 10,000 15 4.5 4 / 3.5 5 6 Cameron 2 Cameron 15.75x18.04 860 EVO CON MUX Cameron Y 3,500"
"34 BELFORD DOLPHIN DS Navis 2000 - DNV 10,000 10,000 39,370 4Q/15 East Africa 58,800 10 130 672 131 26 40 12,515 3 ea 33x80 DP-3 5x5,360 - - - - - - 88 88 11 4 45 2,000 Dreco 46x50 6,900 N-O Hitec 2 60.5 M-H M-H DDM 750 N-O Hitec 2,000 AD Hitec,Dreco Hitec, ASA 16,500 17,000 10,400 - 4 National Oilwell 14P-220 5,000 17,000 3,150 46,000 N 6 - - 3,200 8 Hydralift 60.5 F/H 21.5 80 B Vetco 10,000 15 4.5 4 1 5 Hydril 2 Hydril NA NA Super HDH4 MUX ABB Y 2,000"
"35 BOLETTE DOLPHIN DS - 2013 - - 12,000 12,000 40,000 2017 - - - - - - - - - - - - - - - - - - - - - - - - - - - - - - - - - - - - - - - - - - - - - - - - - - - - - - - - - - - - - - - - - - - - - - - - - - - -"
"36 ENSCO 6001 SS Megathyst 2000 2010 LR 5,600 5,600 25,000 2Q/18 Brazil 26,670 6 130 262 203 28 62 3,500 39x19 AAA 8x2,145 NA NA NA NA - NA 39 44 - - 88 1,300 Pyramid 40x40 3,000 C-E 1.625 49.5 M-H 1899 M-H DDM-650 MH-CMC 650 P M-H Hitec 16,900 - - 18,450 3 C-E FC-1600 4,003 1,723 NA 10,028 Y 4 - - 1,000 8 M-H 48.25 E 18.625 65 Both Vetco 5,980 10 3 1x3.25/2x2.00 3 4 Cameron 2 Shaffer 16.3 x 15.2 392 Vetco H4-DxE MUX Cameron N 1,500"
"37 ENSCO 6002 SS Megathyst 2001 2009 LR 5,600 5,600 25,000 2Q/18 Brazil 26,670 6 130 262 203 28 62 3,500 39x19 AAA 8x2,145 NA NA NA NA - NA 44 44 - - 88 1,300 Pyramid 40x40 3,000 C-E 1.625 49.5 M-H 1899 M-H DDM-650 MH-CMC 650 P M-H Hitec 16,900 - - 18,450 3 C-E FC-1600 4,003 1,723 NA 100,328 Y 4 - - 1,000 8 M-H 48.25 E 18.625 65 Both Vetco 6,305 10 3 1x3.25/2x2.00 3 4 Cameron 2 Shaffer 16.3 x 15.2 392 Vetco H4-DxE MUX Cameron N 1,500"
"38 ENSCO 6004 SS Megathyst 2004 - LR 5,600 5,600 25,000 4Q/16 Brazil 26,670 6 130 262 203 28 62 3,500 39x19 AAA 8x2,145 NA NA NA NA - NA 44 44 - - 88 1,300 Pyramid 40x40 3,000 C-E 1.625 49.5 M-H 1899 M-H DDM-650 MH-CMC 650 P M-H Hitec 16,900 - - - 3 C-E FC-1600 4,003 1,723 NA 10,028 Y 4 - - 1,000 8 M-H 48.25 E 18.625 65 Both Vetco 6,305 10 3 1x3.25/2x2.00 3 4 Cameron 2 Shaffer 16.3 x 15.2 392 Vetco H4-DxE MUX Cameron N 1,500"
"- ENSCO 6003 SS Megathyst 2004 - LR 5,600 5,600 25,000 1Q/17 Brazil 26,670 6 130 262 203 28 62 3,500 39x19 AAA 8x2,145 NA NA NA NA - NA 44 44 - - 88 1,300 Pyramid 40x40 3,000 C-E 1.625 49.5 M-H M-H DDM-650 MH-CMC 650 P M-H Hitec 20,881 11,480 - 18,110 3 C"
"39 ENSCO 7500 SS Ensco 7500 1999 - ABS 7,500 8,000 30,000 3Q/14 Brazil 30,000 7.8 140 290 220 - 40 8,000 20x100 DP-2 8x3,000 3.25 ABS-K4 8x1,000 - - 10 61 61 - - 48 1,928 Dreco 40x46 3,390 National 1.75 60.5 Varco AR4000 Varco-TDS-8 M-H 1,000/1,500 P Varco-PRS-3i MDT 20,000 NA NA NA 4 3xNational 14P-220/1xLewcoW446RB 3,624 8,550 incl. 20,118 Y 5 1 1 2,500 8 Retsco 60 F 21 75 T/B Dril-Quip 6,975 15 3 1x4.00/2x2.44 3 6 Hydril 2 Hydril 16.6x19 645 Vetco HDH4 MUX Hydril N 1,000"
"40 ENSCO 8500 SS Ensco 8500 Series 2008 - ABS 8,500 10,000 35,000 3Q/15 GoM 33,600 8 150 336 285 25 60 8,000 30x120 DP-2 8 x 3,500 NA NA NA 3.5 2,500 9.9 106.9 106.9 - - 52.9 2,000 NOV 40x46 6,000 NOV 2 60.5 AR4500 & ST-120 NOV-TDS-1000 NOV 1,000/2,000 P NOV-BR-15 MDT 10,000 NA 28,500 NA 4 Lewco W2215 4,500 11,700 incl. 26,000 Y 6 1 1 2,500 10 NOV 60 F 21 75 T/B Dril-Quip 8,475 15 3 1x3.826/2x2.44 3 6 Hydril 2 Hydril 16.6x19 652 Vetco SHD-H4 MUX Hydril Y 1,500"
"40 ENSCO 8501 SS Ensco 8500 Series 2009 - ABS 8,500 10,000 35,000 3Q/14 GoM 33,600 6 150 336 285 25 60 8,000 30x120 DP-2 8 x 3,500 NA NA NA 3.5 2,500 11 106.9 106.9 - - 52.9 2,000 NOV 40x46 6,000 NOV 2 60.5 AR4500 & ST-120 NOV-TDS-1000 NOV 1,000/2,000 P NOV-BR-15 MDT 15,239 NA 29,064 NA 4 Lewco W2215 4,500 11,700 incl. 26,000 Y 6 1 1 2,500 10 NOV 60 F 21 75 T/B Dril-Quip 8,475 15 3 1x3.826/2x2.44 3 6 Hydril 2 Hydril 16.6x19 652 Dril Quip MUX Hydril Y 1,500"
"40 ENSCO 8502 SS Ensco 8500 Series 2009 - ABS 8,500 10,000 35,000 4Q/14 GoM 33,600 8 150 336 285 25 60 8,000 30x120 DP-2 8 x 3,500 NA NA NA 3.5 2,500 9.9 106.9 106.9 - - 52.9 2,000 NOV 40x46 6,000 NOV 2 60.5 AR4500 & ST-120 NOV-TDS-1000 NOV 1,000/2,000 P NOV-BR-15 MDT 10,000 NA 28,500 NA 4 Lewco W2215 4,500 11,700 incl. 26,000 Y 6 1 1 2,500 10 NOV 60 F 21 75 T/B Dril-Quip 8,475 15 3 1 x3.826/2x2.44 3 6 Hydril 2 Hydril 16.6x19 652 Dril Quip MUX Hydril Y 1,500"
"40 ENSCO 8503 SS Ensco 8500 Series 2010 - ABS 8,500 10,000 37,500 3Q/14 GoM 33,600 8 150 336 263 25 60 8,000 30x120 DP-2 8 x 3,500 NA NA NA 3.5 2,500 9.9 106.9 106.9 - - 52.9 2,000 NOV 40x46 6,000 NOV 2 60.5 AR4500 & ST-120 NOV-TDS-1000 NOV 1,000/2,000 P NOV-BR-15 MDT 5,250 NA 28,500 NA 4 Lewco W2215 4,200 11,700 incl. 26,000 Y 6 1 1 2,500 10 NOV 60 F 21 75 T/B Dril-Quip 8,475 15 3 1x3.826/2x2.44 3 6 Hydril 2 Hydril 16.6x19 652 Dril Quip MUX Hydril Y 1,500"
"40 ENSCO 8504 SS Ensco 8500 Series 2011 - ABS 8,500 10,000 35,000 3Q/14 Malaysia 33,600 8 150 336 285 25 60 8,000 30x120 DP-2 8 x 3,500 NA NA NA 3.5 2,500 9.9 106.9 106.9 - - 59 2,000 NOV 40x46 6,000 NOV 2 60.5 AR4500 & ST-120 NOV-TDS-1000 NOV 1,000/2,000 P NOV-BR-15 MDT 8,500 13,250 27,000 3,750 4 Lewco W2215 4,200 11,700 incl. 26,000 Y 6 1 1 3,000 12 NOV 60 F 21 75 T/B Dril-Quip 8,475 15 3 1x3.826/2x2.44 3 6 Hydril 2 Hydril 16.6x19 652 Dril Quip MUX Hydril Y 1,500"
"40 ENSCO 8505 SS Ensco 8500 Series 2011 - ABS 8,500 10,000 35,000 2Q/15 GoM 33,600 8 150 338 285 25 60 8,000 30x120 DP-2 8 x 3,500 NA NA NA 3.5 2,500 11 106.9 106.9 - - 59 2,000 NOV 40x46 6,000 NOV 2 60.5 AR4500 & ST-120 NOV-TDS-1000 NOV 1,000/2,000 P NOV-BR-15 MDT 2,238 NA 27,447 NA 4 Lewco W2215 4,500 11,700 incl. 26,000 Y 6 1 1 3,000 12 NOV 60 F 21 75 T/B Dril-Quip 8,475 15 3 1x3.826/2x2.44 3 6 Hydril 2 Hydril 16.6x19 652 Dril Quip MUX Hydril Y 1,500"
"41 ENSCO DS-1 DS Gusto 10,000 1999 2004/2009 DNV 6,000 10,000 31,500 1Q/16 Angola 39,660 11 162 680 98.5 - 31.5 19,510 39.4x31.0 DP-2 7 NA NA NA NA - NA 55 55 55 - 35 1,600 Joseph Paris 48x48 4,600 N-O Dreco 1.75 60.5 M-H Canrig AC-1275-E AKM 1,000 A/P M-H Hitec 26,350 15,420 - 5,085 4 National Oilwell 12P-160 3,615 - 10,094 19,918 N 5 - - 2,560 16 M-H 60.5 F 21 70 Both Kværner 7,350 10 3 1x3.343/2x1.875 3 4 Cameron 2 Shaffer NA NA Vetco SHD-H4 MUX Cameron N 1,000"
"42 ENSCO DS-2 DS Gusto 10,000 1999 2005 DNV 6,000 10,000 31,500 2Q/15 Angola 39,660 11 162 680 98.5 - 31.5 19,510 39.4x31.0 DP-2 7 NA NA NA NA - NA 55 55 55 - 35 1,600 Joseph Paris 48x48 4,600 N-O Dreco 1.75 60.5 M-H Canrig AC-1265-E AKM 1,000 A/P M-H Hitec 6,600 34,450 - 6,600 3 National Oilwell 14P-220 3,685 - 8,522 21,190 N 5 - - 2,560 16 M-H 58.5 F 21 70 Both Kværner 7,070 10 3 1x3.343/2x1.875 3 4 Cameron 2 Shaffer NA NA Vetco SHD-H4 MUX Cameron N 1,000"
"43 ENSCO DS-3 DS Samsung 2010 - ABS 10,000 10,000 40,000 2Q/16 USGoM 54,000 12 200 751 138 28 39 22,046 41x84 DPS-3 6x7,375 NA NA NA NA - NA 181 93 93 93 None 2,000 NOV 80x60 5,750 NOV 2 60.5 NOV HydraTong NOV-HPS-1000 NOV-CMC-active 1,000 A/P NOV Dual HydraRacker NOV Cyberbase 5,000 NA 35,000 NA 4 NOV 14-P-2200 6,000 6,000 3,000 34,800 Y 6 - - 3,600 16 NOV 60.5 16Q 21 75 Both Vetco 9,900 15 4.5 1x4.0/2x2.62 3 6 NOV 2 NOV 20.8x17.8 926 Vetco SHD-H4 MUX NOV Y 2,000"
"- ENSCO DS-4 DS Samsung 2010 - ABS 10,000 12,000 40,000 2Q/16 USGoM 64,365 12 200 751 138 28 39 22,046 41x84 DPS-3 6x7,375 NA NA NA NA - NA 181 93 93 93 44 2,000 NOV 80x60 5,750 NOV 2 75.5 NOV HydraTong NOV-HPS-1000 NOV-CMC-active 1,000 A/P NOV Dual Hydra"
"- ENSCO DS-5 DS Samsung 2011 - ABS 10,000 12,000 40,000 2Q/16 USGoM 64,365 12 200 751 138 28 36 30,864 41x84 DPS-3 6x7,375 NA NA NA NA - NA 93 93 93 93 44 2,000 NOV 80x60 5,750 NOV 2 60.5 NOV HydraTong NOV-HPS-1000 NOV-CMC-active 1,000 A/P NOV Dual HydraR"
"- ENSCO DS-6 DS Samsung 2011 - ABS 10,000 12,000 40,000 1Q/18 Angola 64,365 12 200 751 138 28 39 22,046 41x84 DPS-3 6x7,375 NA NA NA NA - NA 93 93 93 93 44 2,000 NOV 80x60 5,750 NOV 2 60.5 NOV HydraTong NOV HPS-1000 NOV-CMC-active 1,000 A/P NOV Dual Hydra"
"44 ENSCO DS-7 DS Samsung 2013 - ABS 10,000 12,000 40,000 4Q/16 Angola 64,365 12 200 748 138 28 39 22,046 41 x 84 DPS-3 6x7,375 NA NA NA NA NA NA 181 93 93 93 44 2,500 NOV 80x60 6,900 NOV 2 75.5 NOV MTP-200 NOV TDX 1250 NOV-CMC 1,500 A/P NOV Dual HydraRacker NOV Cyberbase 10,000 NA 34,000 NA 4 NOV 14-P-2200 6,000 7,400 3,000 34,000 Y 6 NA NA 3,600 16 NOV 75.5 16Q 21 75 Both Vetco 9,000 15 3 1x4.0/2x2.62 3 6 NOV 2 NOV 20.8 x 17.8 926 Vetco SHD-H4 MUX NOV Y 2,000"
"- BICENTENARIO SS GVA 7500 - - DNV 10,000 10,000 35,000 - Mexico 51,500 - - 391 317 32.6 75.5 - - DP-3 8x4,700 - - - - - - 80 80 - - - - - - 4,500 - - - - - - - - - - - - - - - - - - - - - - - - - - - - - - - - - - 15 - - - 2 WP 2 WP - - H-4 - - - -"
"- CENTENARIO SS F&G - - ABS 10,000 10,000 35,000 - Mexico 51,500 - - 387 299 27.4 55.8 - - DP-2 8x5,100 - - - - - - 80 80 - - - 2,000 MH - 4,500 - - - - - - - - - - - - - - - - - - - - - - - - - - - - - - - - Cameron 8,000 15 - - - 2 - 2 - - - ISM H-4 - -"
"- LA MURALLA IV SS F&G ExD Millennium 2010 - - 7,500 10,000 40,000 - Mexico - - - 398 298 - - - - DP-2 8x4,425 - - - - - - - - - - - - - - - - - - - - - - - - - - - - - - - - - - - - - - - - - - - - - - - - - - - - - - - - - - - - - - - -"
"- JASPER EXPLORER DS Gusto Pelican Class - 2009 DNV 5,000 5,000 25,000 - NA - 8.5 139 541 98 - - 7,958 - DP-2 7 (5 tunnel/2azimuth) - - - - - - 110 40 25 - - 1,500 Pyramid 52x52 - NOV - 49.5 NOV/Aker Kvaerner NOV TDS-4 Aker Kvaerner 1,300 - Patriot - - - "
"45 MÆRSK DELIVERER SS KFELS MSC GUSTO DSS21 2010 - ABS 10,000 10,000 30,000+ 3Q/15 West Africa 51,500 8 180 384 258 32 67 14,900 100x30 DP-2 8x5,365 3.5 K4 2,000 NA NA None 165 66 13 - 47 2,500/1,500 NOV 40x72 6,000/4,500 Wirth 1.85/1.75 60.5 NOV NOV HPS-03 NOV HPS-04 1,000/750 A NOV (DUAL) NOV 5,000 15,000 20,000 - 4 Wirth 2200HP-7500psi 9,755 10,355 4,860 48,000 Y 8 0 n 4,200 6 NOV N-line 60.5 RP16Q 21 75 Both Aker 9,600 15 4 4,5 5 6 Hydril - Hydril 16 6 x 19 8 732 Vetco SHD EXF MUX Hydril Y 2,250"
"45 MÆRSK DEVELOPER SS KFELS MSC GUSTO DSS21 2009 - ABS 10,000 10,000 30,000+ 4Q/15 US GoM 51,500 8 180 384 258 32 67 14,900 100x30 DP-2 8x5,365 3.5 K4 2,000 NA NA None 165 66 13 - 47 2,500/1,500 NOV 40x72 6,000/4,500 Wirth 1.85/1.75 60.5 NOV NOV HPS-03 NOV HPS-04 1,000/750 A NOV (DUAL) NOV 5,000 15,000 20,000 - 4 Wirth 2200HP-7500psi 9,755 10,355 4,860 48,000 Y 8 0 y 4,200 6 NOV N-line 60.5 RP16Q 21 75 Both Aker 9,600 15 4 4,5 5 6 Hydril 2 Hydril 16 6 x 19 8 732 Vetco SHD EXF MUX Hydril Y 2,250"
"45 MAERSK DISCOVERER SS KFELS MSC GUSTO DSS21 2009 - ABS 10,000 10,000 30,000+ 3Q/16 Egypt 51,500 8 180 384 258 32 67 14,900 100x30 DP-2 8x5,365 3.5 K4 2,000 NA NA None 165 66 13 - 47 2,500/1,500 NOV 40x72 6,000/4,500 Wirth 1.85/1.75 60.5 NOV NOV HPS-03 NOV HPS-04 1,000/750 A NOV (DUAL) NOV 5,000 15,000 20,000 - 4 Wirth 2200HP-7500psi 9,755 10,355 4,860 48,000 Y 8 0 n 4,200 6 NOV N-line 60.5 RP16Q 21 75 Both Aker 9,600 15 4 4,5 5 6 Hydril - Hydril 16 6 x 19 8 732 Vetco SHD EXF MUX Hydril Y 2,250"
"46 MÆRSK VALIANT DS SAMSUNG 96K 2013 - ABS 12,000 12,000 40,000 3Q/17 US GOM 56,000 - 230 748 138 28 39 20,000 84x41 DP-3 6x9,380 - - - - - - 85 85 85 85 - 2,500 - - 9,000 - - - - - - 2,500 A - - - - - - 5 Wirth 2200HP-7500psi 6,030 5,980 - 32,000 - - - - - - - - - - - - - - 15 - - - 6 - 2 - - - - MUX - - 2,500"
"47 MÆRSK VENTURER DS SAMSUNG 96K 2014 - ABS 12,000 12,000 40,000 - - 56,000 - 230 748 138 28 39 20,000 84x41 DP-3 - - - - - - - 85 85 85 85 - 2,500 - - 9,000 - - - - - - 2,500 A - - - - - - 5 Wirth 2200HP-7500psi 6,030 5,980 - 32,000 - - - - - - - - - - - - - - 15 - - - 6 - 2 - - - - MUX - - 2,500"
"48 MÆRSK VIKING DS SAMSUNG 96K 2013 - ABS 12,000 12,000 40,000 2Q/17 GoM 56,000 - 230 748 138 28 39 20,000 84x41 DP-3 6x7,400 - - - - - - 85 85 85 85 - 2,500 - - 9,000 - - - - - - 2,500 A - - - - - - 5 Wirth 2200HP-7500psi 6,030 5,980 - 32,000 - - - - - - - - - - - - - - 15 - - - 6 - 2 - - - - MUX - - 2,500"
"49 NOBLE BOB DOUGLAS DS Gusto P-10000 2013 - DNV 10000 12,000 40000 1Q/17 US GOM 64368 11 210 759 118 36 36 22,046 32.8 x 113.2 DP-3 6 x 6,700 NA NA 1080 3.75 NA 10 100 100 100 165 2x250+ 2x35 2,500/1,500 NOV 60x80 9000/4,500 NOV 2-1/8/1-3/4 75.5/60.5 2 x NOV ST-160 NOV TDX 1250 Shaffer 1,000 A/P Hydraracker IV ER NOV 10,000 0 38,000 0 4 NOV 14-P-220 5,670 8,900 13600 28,800 Y 6 1 1 3,500 14 NOV 75.5 FT-H 21 75 T/B Shaffer 12000 15 4.5 2.32/4 2/1 6 Shaffer 2 Shaffer 18x20 886 Vetco H4 & Dril-Quip MUX Shaffer Y 2000"
"50 NOBLE BULLY I DS Gusto, MSC Bully PRD 2008 2011 DNV 8,250 8,250 40,000 1Q/17 US GOM 43,200 7.5 168 615 128 26.25 32.5 12,300 64x41 DP-2 6x5,600 NA NA NA NA NA NA 110 110 NA NA 44 2,000 Huisman 18x26 6,600 Huisman 2 60.5 2x Aker Torq Master Aker DDM 1000AC Huisman 2,000 A/P Huis-Drill 10,000 Huisman - 5,310 20,115 5,310 4 Wirth TPK 7-1/2 x 14 / 2200 7,420 9,000 3,300 22,946 Y 6 1 1 3,300 6 Huisman/Rexroth 60 Clip 21 90 B Aker 9,720 15 4 2 4 6 Cameron 2 Cameron 16x20 445 Cameron EVO MUX Oceaneering Y 2,000"
"51 NOBLE BULLY II DS Gusto, MSC Bully PRD 2011 - DNV 8,250 8,250 40,000 2Q/22 Brazil 43,200 10 156 615 128 32.5 32.5 12,300 64x41 DP-2 6x5,600 - - - - - - 110 110 - - 44 2,000/1,000 Huisman 18x26 6,600/ 3,300 Huisman 2 60.5 2x Aker DRN200, 1x Aker BC57 Aker DDM 1000AC2 Huisman 2,000 A/P Huisman Huisman - 20,000 10,000 10,000 4 Wirth TPK 7500 6,231 7,491 6,496 28,088 Y 6 1 1 3,300 6 Huisman/Rexroth 60.5 Clip 21 90 T Aker 9,720 15 3 2 4 6 Cameron 2 Cameron 16x20 445 Cameron MUX Oceaneering Y 2,000"
"52 NOBLE DANNY ADKINS SS Bingo 9000 1999 2009 ABS 12,000 12,000 37,000 3Q/14 US GOM 51,360 8 200 344 277 39.5 82 9,000 103x23 DP-3 8x5,000 - - - - - - 120 120 - - 40 2,500 Dreco 50x50 6,900 National 2 60.5 2x Varco AR5000 Varco TDX-1250 Shaffer 1,000/2,000 P Varco-PRS-6i Cyberbase 10,000 10,000 15,000 - 4 National 240 Hex; 2400 hp 3,700 9,100 7,100 30,000 Y 6 1 1 2,500 10 Shaffer 60.5 - 22 75 T/B Noble 12,000 15 4.5 4.5 5 6 Shaffer 2 Shaffer 15x20 700 DRIL-QUIP MUX Shaffer Y 2,000"
"53 NOBLE DAVE BEARD SS Modified Enhanced Pacesetter 1986 2008 ABS 10,000 10,000 35,000 1Q/16 Brazil 49,400 8 200 366 217 19 55 6,500 95x25 DP-2 8x5,000 - - - 3.5 3,500 13 100 100 - - 45 2,000 NOV 40x40 6,900 NOV 2 60.5 Varco AR5000 NOV PS-2-1000 Shaffer 1,000 P Varco-PRS-4i Cyberbase 6,000 16K/5-7/8 13,000 - 4 National 240 Hex; 2540 hp 2,100 7,900 1,750 25,200 Y 6 1 1 2,500 10 Shaffer 60 Hybrid 22 75 T/B Noble 10,000 15 4.5 4.5 5 6 Shaffer 2 Shaffer 15x19 700 Vetco H4 MUX Shaffer Y 2,000"
"54 NOBLE DON TAYLOR DS Gusto P-10000 2013 - DNV 10,000 12,000 40,000 1Q/19 US GOM 64,368 11 210 752 118 36 36 22,046 32.8 x 113.2 DP-3 6 x 6,700 NA NA 1080 3.75 NA 10 100 100 100 165 2x250+ 2x35 2,500/1,500 NOV 60x80 9000/4,500 NOV 2-1/8/1-3/4 75.5/60.5 2 x NOV ST-160 NOV TDX 1250 Shaffer 1,000 A/P Hydraracker IV ER NOV - - 15,000 - 4 NOV 14-P-220 5,670 8,900 13,600 28,800 Y 6 1 1 3,500 14 NOV 75.5 FT-H 21 75 T/B Shaffer 12,000 15 4.5 2.32/4 2/1 6 Shaffer 2 Shaffer 18x20 886 Vetco H4 & Dril-Quip MUX Shaffer Y 2,200"
"55 NOBLE GLOBETROTTER I DS Globetrotter 2010 - ABS 10,000 10,000 40,000 3Q/22 US GOM 54,284 12 180 620 105 39 39.4 20,720 89.2 x 36.7 DP-3 6x5,000 3.18 3 90.22 NA NA 16 110 88 NA NA 88 2,000 Huisman 26x24 6,170/3,080 Huisman 2 60.5/60.5 2x NOV AR5000 NOV-TDS-1000A Huisman 2,400 A/P Huisman PRS Huisman - - 20,925 - 4 NOV 14-P-220 6,000 9,000 10,000 34,604 Y 6 1 1 3,600 8 Huisman 60.5/21.7 FT-H 21 75 T/B Shaffer 10,000 15 4.5 2.32/5 4 6 Shaffer 2 Shaffer 15x19 711 Vetco HDH4 MUX Shaffer Y 2,000"
"56 NOBLE GLOBETROTTER II DS Globetrotter 2011 - ABS 10,000 10,000 40,000 3Q/23 W Africa - 12 180 620 105 39 39.4 20,720 89.2 x 36.7 DP-3 6x5,000 3.18 3 90.22 NA NA 16 110 88 NA NA 88 2,000 Huisman 26x24 6,170/3,080 Huisman 2 60.5/60.5 2x NOV AR5000 NOV-TDS-1000A Huisman 2,400 A/P Huisman PRS Huisman - - 20,925 - 4 NOV 14-P-220 6,000 9,000 10,000 34,604 Y 6 1 1 3,600 8 Huisman 60.5/21.7 FT-H 21 75 T/B Shaffer 10,000 15 4.5 2.32/5 4 6 Shaffer 2 Shaffer 15x19 711 Vetco HDH4 MUX Shaffer Y 2,000"
"57 NOBLE JIM DAY SS Bingo 9000 1999 2010 ABS 12,000 12,000 37,000 1Q/16 US GoM 51,360 8 200 344 277 39.5 82 9,000 103x23 DP-3 8x5,000 - - - - - - 120 120 - - 40 2,500 Dreco 50x50 6,900 National 2 60.5 2x Varco AR5000 Varco TDX-1250 Shaffer 1,000/2,000 P Varco-PRS-6i Cyberbase 10,000 10,000 15,000 - 4 National 240 Hex; 2400 hp 3,700 9,100 7,100 30,000 Y 6 1 1 2,500 10 Shaffer 60.5 Hybrid 22 75 T/B Noble 12,000 15 4.5 4.5 5 6 Shaffer 2 Shaffer 15x20 700 DRIL-QUIP MUX Shaffer Y 2,000"
"- NOBLE PAUL WOLFF - EVA-4000 1982 2006 ABS 9,200 9,200 23,000 - Singapore 43,000 6 125 341.6 363.4 15 79 5,500 31x20 II-Ceg90 6x5,000 - - - 3 1,300 15 65 65 - - 2x20 1,500 Dreco 40x40 3,000 Oilwell 1.75 60.5 Varco AR3200C Varco-TDS-4S Shaffer 800 P Varco"
"58 NOBLE SAM CROFT DS Gusto P-10000 2014 - DNV 10,000 12,000 40,000 3Q/17 US GOM 64,368 11 210 759 118 36 36 22,046 32.8 x 113.2 DP-3 6 x 6,700 NA NA 1080 3.75 NA 10 100 100 100 165 2x250+ 2x35 2,500/1,500 NOV 60x80 9000/4,500 NOV 2-1/8/1-3/4 75.5/60.5 2 x NOV ST-160 NOV TDX 1250 Shaffer 1,000 A/P Hydraracker IV ER NOV - - 10,000 - 4 NOV 14-P-220 5,670 8,900 13,600 28,800 Y 6 1 1 3,500 14 NOV 75.5 FT-H 21 75 T/B Shaffer 12,000 15 4.5 2.32/4 2/1 6 Shaffer 2 Shaffer 18x20 886 Vetco H4 & Dril-Quip MUX Shaffer Y 2,000"
"- DPDS1 (prev. NOBLE PHOENIX) SS IHC Gusto BV Pelican 1979 2009 DNV 5,000 5,000 25,000 2Q/15 Brazil 36,000 10 120 448.81 105.28 27.2 27.2 9,904 23.6 x 27.1 DP-2 5x1,750 2x,2000 - - - - - - 60 60 - - 40 1,500 M-H 40x40 6,000 TTS Sense 1.75 49.5 M-H MH 750 "
"- DPDS2 (prev. NOBLE LEO SEGERIUS) DS Gusto, Mod. Pelican 1981 1997 ABS 5,500 5,500 23,000 1Q/17 Brazil 35,000 10 150 516 111 24 24 12,150 27x23 DP-2 7x3,300 2.25 3 1,900 2.75 4,200 6.6 80 80 - - 40 1,500 Aker 44x36 3,000 National 1.5 49.5 Varco AR3200 Va"
"- DPDS3 (prev. NOBLE ROGER EASON) DS Convn, Neddrill 1977 1998 BV 7,200 7,200 23,000 3Q/17 Brazil 32,000 9 105 541 90 30 30 11,163 22.5x26 II-Ceg803 8x2,100, 1x7,500 - - - - - - 50 30 30 - 2x11 1,400 Lee C. Moore 40x40 3,000 Oilwell 1.5 49.5 Varco AR3200 "
"- DPDS4 (prev. NOBLE MURAVLENKO) DS Gusto, Mod. Pelican 1982 1997 BV 4,900 4,900 23,000 - US GOM 17,200 12 116 490 79 24 24 7,200 27x23 II-Ceg903 2x3,500, 5x1,750 - - - - - - 40 25 - - 2x10 1,000 Dreco 44x36 3,000 Oilwell 1.5 49.5 M-H M-H DDM 650 Shaffer "
"59 EIRIK RAUDE SS Bingo 9000 2002 - DNV 10,000 10,000 - 1Q/15 NA 10,200 7 140 391 279 39.4 78 6,624 23x47.5 DP-3 6 - - - - - - 75 75 - - - 2,000 Hydralift 40x40 4,000 Emsco - 60.5 Hydralift Hydralift HPS 1000 AC Hydralift 2,000/1,000 A/P Hydraracker - - - - - 3 Emsco FC-2200 - - - - - - - - 200 8 Hydralift - - 21 - - Vetco - 15 4.5 - - 4 Cameron 2 Cameron - - Vetco H4 MUX Cameron - -"
"- LEIV EIRIKSSON SS Bingo 9000 2002 - DNV 10,000 10,000 - 2Q/17 NA 10,200 7 140 391 279 39.4 78 6,624 23x47.5 DP-3 6 - - - - - - 75 75 - - - 2,000 Hydralift 40x40 4,000 Emsco - 60.5 Hydralift Hydralift HPS 1000 AC Hydralift 2,000/1,000 A/P Hydraracker - -"
"60 OCEAN RIG ATHENA DS Saipem 10000 2013 - ABS 10,000 12,000 30,000+ 1Q/17 - 59,500 12 215 748 138 27.9 39.4 20,000 94 x 41 DP-3 6x7,400 - - - - - - 93.72 93.72 93.72 93.72 - 2,000 NOV 80x60 5,750 NOV 2 60.5 2x Hydratong MPT NOV Top Drive HPS-03 1000 AC NOV CMC + AHC 1,000 A+P 2xNOV Hydra Racker Cyberbase 10,000 25,000 10,000 - 4 NOV 14P220 6,698 9,290 6,290 31,924 - 7 1 1 3,200 8 dual NOV 60.5 H 21 90 B NOV-Shaffer 10,000 15 4.5 4 and 2.333 1 + 2 6 NOV-Shaffer 2 NOV-Shaffer 18x21 825 Vetco SHD H4 MUX NOV-Shaffer Y 2,000"
"61 OCEAN RIG CORCOVADO DS Saipem 10000 2011 - ABS 10,000 10,000 35,000 2Q/15 NA - 12 217 748 - - - 20,000 84x41 DP-3 6 - - - - - - 85 85 85 85 - - - - - NOV - 60.5 - - - - - - - - - - - 3 - - - - - - - - - - - - - - - - - - - 15 - - - - - - - - - - - - - -"
"- OCEAN RIG MYKONOS DS Saipem 10000 2011 - ABS 10,000 10,000 35,000 2Q/15 NA - 12 217 748 - - - 20,000 84x41 DP-3 6 - - - - - - 85 85 85 85 - - - - - NOV - 60.5 - - - - - - - - - - - 3 - - - - - - - - - - - - - - - - - - - 15 - - - - - - - - - - - - - -"
"- OCEAN RIG MYLOS DS Saipem 10000 2013 - DNV 10,000 12,000 30,000+ 3Q/16 - 59,500 12 215 748 138 27.9 39.4 20,000 94 x 41 DP-3 6x7,400 - - - - - - 93.72 93.72 93.72 93.72 - 2,000 NOV 80x60 5,750 NOV 2 60.5 2x Hydratong MPT NOV Top Drive HPS-03 1000 AC NOV"
"62 OCEAN RIG OLYMPIA DS Saipem 10000 2011 - ABS 10,000 10,000 35,000 3Q/17 NA - 12 217 748 138 - - 20,000 84x41 DP-3 6 - - - - - - 85 85 85 85 - - - - 5,750 NOV - 60.5 NOV Hydratong NOV HPS-1000 NOV CMC + AHC 1,000 A+P 2xNOV Hydra Racker - - - - - 3 - - - - - - - - - - - - - - - - - - - 15 - - - - - - - - - - - - - -"
"- OCEAN RIG POSEIDEN DS Saipem 10000 2011 - ABS 10,000 10,000 35,000 2Q/18 NA - 12 217 748 - - - 20,000 84x41 DP-3 6 - - - - - - 85 85 85 85 - - - - - NOV - 60.5 - - - - - - - - - - - 3 - - - - - - - - - - - - - - - - - - - 15 - - - - - - - - - - - - - -"
"- OCEAN RIG SKYROS DS Saipem 10000 2013 - DNV 10,000 10,000 35,000 1Q/15 NA 59,500 12 215 748 138 27.9 39.4 20,000 94 x 41 DP-3 6x7,400 - - - - - - 93.72 93.72 93.72 93.72 - 2,000 NOV 80x60 5750 NOV 2 60.5 2x Hydratong MPT NOV Top Drive HPS-03 1000 AC NOV"
"63 DEEPSEA ATLANTIC SS GVA 7500 2009 - NMD 9,840 9,840 37,500 3Q/15 North Sea - - 156 108 78 32.6 75.5 7,000 - DP-3 8 - - - - - - 100 85 - - - - NOV Dual Derrick - 4,600 NOV - 60.5/49.5 Hydratong MPT NOV HPS-1000 - - - Hydraracker HR-IV - - - - - 4 NOV 14P220 - - - - - 6 - - - - - - - - - - - - - - - - - - - - - - - - - - -"
"- DEEPSEA METRO I DS Gusto P-10000 2011 - DNV 10,000 12,000 40,000 4Q/14 W Africa - - 210 753 118 - 36 - - DP-3 - - - - - - - - - - - - - NOV Dual Derrick - 6,900 NOV - - - NOV TDS-1000;TDS-85A - - - NOV PRS-5 - - - - - 4 NOV 14P220 - - - - - 8 - - - 16 -"
"64 DEEPSEA METRO II DS Gusto P-10000 2011 - DNV 10,000 12,000 40,000 2Q/15 Brazil - - 210 753 118 - 36 - - DP-3 - - - - - - - - - - - - - NOV Dual Derrick - 6,900 NOV - - - NOV TDS-1000;TDS-85A - - - NOV PRS-5 - - - - - 4 NOV 14P220 - - - - - 8 - - - 16 - - - - - - - - 15 - - - - Hydril - - - - - MUX - - -"
"65 DEEPSEA STAVANGER SS GVA 7500 2010 - NMD 9,840 9,840 37,500 3Q/15 W Africa - - 156 108 78 32.6 75.5 7,000 - DP-3 8 - - - - - - 100 85 - - - - NOV Dual Derrick - 4,600 NOV - 60.5/49.5 Hydratong MPT NOV HPS-1000 - - - Hydraracker HR-IV - - - - - 4 NOV 14P220 - - - - - 6 - - - - - - - - - - - - 15 - - - 6 Shaffer - - - - - MUX - - -"
"- ISLAND INNOVATOR SS GM 4000 2013 - DNV 4,000 4,000 - 1Q/15 North Sea - - 120 - - - - 4,500 - DP-3 - - - - - - - - - - - - - - - - NOV - - - NOV HPS-650 - - - - - - - - - 3 NOV 14P220 - - - - - - - - - - - - - - - - - - 15 - - - 5 Cameron - - - - - - - -"
"66 PACIFIC BORA DS Samsung 10,000 2010 - ABS 10,000 10,000 37,500 3Q/14 Nigeria 60,000 12 200 748 138 27.9 39.4 22,051 94 x 41 DP-3 6 x 7,375 - - - - - - 93.72 93.72 93.72 93.72 - 2,000 NOV 80x60 5,750 NOV 2 60.5 2x Hydratong MPT NOV Top Drive HPS-03 1000 AC NOV CMC + AHC 1,000 A+P 2 x NOV Hydra Racker Cyberbase 10,000 25,000 10,000 - 4 NOV 14P220 6,698 9,290 6,290 31,924 - 7 1 1 3,200 8 dual NOV 60.5 H 21 90 B NOV-Shaffer 10,000 15 4.5 4 and 2.333 1 + 2 6 NOV-Shaffer 2 NOV-Shaffer 18x21 825 Vetco SHD H4 MUX NOV-Shaffer Y 2,000"
"67 PACIFIC KHAMSIN DS Samsung 12,000 2013 - DNV 10,000 12,000 40,000 1Q/17 Nigeria 65,000 12 200 748 138 27.9 39.4 22,051 84 x 41 DP-3 6 x 6,031 - - - - - - 85 85 85 85 9 2,000 NOV 80x60 6,900 NOV 2 75.5 / 60.5 2x Hydratong MPT 2 x NOV TDX 1250 NOV CMC + AHC - A+P 2 x NOV Hydra Racker - 10,000 - 10,000 - 4 NOV 14P220 6,600 12,400 6,200 31,924 - 7 1 1 3,600 8 - 75.5 H 21 90 B NOV-Shaffer 11,790 15 4.5 4 and 2.333 1 + 2 6 NOV-Shaffer 2 NOV-Shaffer 18x21 825 Vetco SHD H4 MUX NOV-Shaffer Y 2,000"
"68 PACIFIC MISTRAL DS Samsung 12,000 2011 - ABS 10,000 12,000 37,500 1Q/15 Brazil 60,000 12 200 748 138 27.9 39.4 22,051 94 x 41 DP-3 6 x 7,375 - - - - - - 93.72 93.72 93.72 93.72 - 2,000 NOV 80x60 5,752 NOV 2 60.5 2x Hydratong MPT NOV Top Drive HPS-03 1000 AC NOV CMC + AHC 1,000 A+P 4 x NOV Hydra Racker Cyberbase 10,000 25,000 10,000 - 4 NOV 14P220 6,698 9,290 6,290 31,924 - 7 1 1 3,200 10 dual NOV 60.5 H 21 90 B NOV-Shaffer 12,000 15 4.5 4 and 2.333 1 + 2 6 NOV-Shaffer 2 NOV-Shaffer 18x21 825 Vetco SHD H4 MUX NOV-Shaffer Y 2,000"
"69 PACIFIC SANTA ANA DS Sansung 12,000 2011 - ABS 10,000 12,000 40,000 1Q/17 US GOM 60,000 12 200 748 138 27.9 39.4 22,051 84 x 41 DP-3 6 x 6,031 - - - - - - 93.72 93.72 93.72 93.72 55.12 2,000 NOV 80x60 5,753 NOV 2 75.5 / 60.5 2x Hydratong MPT 1xNOV TDX 1250/1xNOV HPS-03 1000 AC NOV CMC + AHC 1,000 A+P 5 x NOV Hydra Racker Cyberbase 5,000 10,000 36,500 - 6 NOV 14P220 6,698 9,290 6,290 31,924 - 7 1 1 3,600 11 dual NOV 75.5 H-DGD 21 90 B NOV-Shaffer 12,000 15 4.5 4 and 2.333 1 + 2 6 NOV-Shaffer 2 NOV-Shaffer 18x21 825 Vetco SHD H4 MUX NOV-Shaffer Y 2,000"
"- PACIFIC SCIROCCO DS Samsung 12,000 2011 - ABS 10,000 12,000 40,000 1Q/17 Nigeria 60,000 12 200 748 138 27.9 39.4 22,051 84 x 41 DP-3 6 x 6,031 - - - - - - 93.72 93.72 93.72 93.72 55.12 2,000 NOV 80x60 5,751 NOV 2 75.5 / 60.5 2x Hydratong MPT 2 x NOV Top"
"- PACIFIC SHARAV DS Sansung 12,000 2014 - DNV 10,000 12,000 40,000 3Q/19 US GOM 65,000 12 200 748 138 27.9 39.4 22,051 84 x 41 DP-3 6 x 6,031 - - - - - - 85 85 85 85 9 2,000 NOV 80x60 6,900 NOV 3 75.5 / 60.6 2x Hydratong MPT 2 x NOV TDX 1250 NOV CMC + AHC"
"70 LOUISIANA SS F&G L-900 Pacesetter 1998 - - 6,234 6,234 30,000 2Q/10 Brazil - - - - - - - - - - - - - - - - - - - - - - - - - - - - - - - - - - - - - - - - - - - - - - - - - - - - - - - - - - - - - - - - - - - - - - - - - - -"
"71 SSV VICTORIA SS GVA 7500 2009 - - 7,874 10,000 35,000 1Q/17 Brazil - - - - - - - - - - - - - - - - - - - - - - - - - - - - - - - - - - - - - - - - - - - - - - - - - - - - - - - - - - - - - - - - - - - - - - - - - - -"
"QUEIROZ GALVAO OLEO & GAS SA – Contact: Antonio Augusto de Queiroz Galvao, Av. Presidente Antonio Carlos, 51-7, andar-centro, Rio de Janeiro, Brazil; Phone: 55 21 3231 2500; Fax: 55 2262 3020; email: qgog@qgog.com.br"
"72 ALPHA STAR SS Gusto DSS-38 2009 - ABS 9,000 9,000 25,000 - - - - 130 339 228 28.5 67 9,622 131x30 DP-2 8 - - - - - - 64 64 - - - - NOV 185x43 6,000 NOV - 60.5 - NOV TDS 1000A NOV - - - - - - - - 4 NOV 14P220 triplex - - - - - - - - - - - - - - - - - - 15 - - - 3 - 2 Hydril - - - MUX Hydril - 900"
"- AMARALINA STAR DS Samsung 10,000 2001 - ABS 10,000 10,000 40,000 - - 9,500 1.2 - 715 138 40 - 20,000 84x41 DP-3 6 - - - - - - 85 85 85 85 10 - NOV - - NOV 2 60.5 - NOV HPS-03 NOV 1,500 - - - - - - - 4 NOV 14P220 triplex 6,600 6,428 - 29,664 - - 1 1 1,60"
"- GOLD STAR SS Gusto DSS-38 2009 - ABS 9,000 9,000 30,000 1Q/17 Brazil 53,000 - 130 339 228 28.5 67 9,622 131x30 DP-2 8 - - - - - - 64 64 - - - - NOV 185x43 6,000 NOV - 60.5 - NOV TDS 1000A NOV - - - - - - - - 4 NOV 14P220 triplex - - - - - - - - - - - - "
"73 LAGUNA STAR DS Samsung 10,000 2011 - ABS 10,000 10,000 40,000 - - 9,500 1.2 - 715 138 40 - 20,000 84x41 DP-3 6 - - - - - - 85 85 85 85 10 - NOV - - NOV 2 60.5 - NOV HPS-03 NOV 1,500 - - - - - - - 4 NOV 14P220 triplex 6,600 6,428 - 29,664 - - 1 1 1,600 8 Rucker - H 21 90 B NOV - 15 - - - 3 Shaffer 2 - - - Vetco SHD H4 - - - -"
"- LONE STAR SS Gusto TDS-2000 PLUS 2009 - ABS 7,880 7,880 24,600 - - - - 140 320 230 24.5 60 6,470 131x20 DP-2 8 - - - - - - 64 64 - - - 2,000 NOV 185x40 6,000 NOV - 60.5 - NOV TDS 1000A NOV 800 A - - - - - - 4 NOV 14P220 triplex 4,000 2,200 - - - 4 1 1 2"
"74 ROWAN RENAISSANCE DS Gusto P10,000 2013 - ABS 12,000 12,000 40,000 2Q/17 West Africa 65,000 - 210 752 118 31.2 36.1 20,000 73.5x42 DP-3 6 x 6,700 - - - - - - 100 100 100 165 20 2,500 - - 9,000/6,000 - - 75.5 / 60.5 - NOV 1250 - 2,500 A+P - - - - - - 5 - 18,869 incl. 7,547 31,783 - - - - 4,000 16 - 72 - 21.25 - - Cameron 12,000 15 - - - 7 - 2 - - - - MUX Cameron - -"
"SAIPEM, INC. – Contact: Renzo Cesaroni, Via Martiri di Cefalonia 67; 20097 San Donato; Milanese, Milan, Italy; Phone: (39) 2-520-54113; Email: Renzo.Cesaroni@saipem.eni.it; Website: www.saipem.eni.it"
"- SAIPEM 10000 DS Samsung Heavy Industries 2000 NA ABS 10,000 10,000 30,000 4Q/14 West Africa 56,000 12 170 745 37 26.2 39.4 20,000 126x41 DP-3 6x5,440 NA NA NA NA NA NA 85 85 85 85 50 2,000 Bailey 60x80 4,200 Wirth 2 60.5 Hydralift Hydralift 750ZE Hydral"
"75 SAIPEM 12000 DS Samsung Heavy Industries 2010 NA ABS 12,000 12,000 25,000 3Q/17 West Africa 64,000 12 200 745 37 27.8 39.4 20,000 126x41 DP-3 6x6,000 NA NA NA NA NA NA 85 85 85 85 55 2,000 NOV 60x80 5,750 NOV 2 75.5 NOV NOV HPS03 1000 NOV 1,000 A/P NOV NOV NA 26,000 NA 6,500 4 NOV 14-P-220 5,500 12,500 NA 32,000 Y 7 1 1 3,200 16 Shaffer 21 H 21 90 T/B Vetco 12,000 15 4.5 4.5 4 6 Shaffer 2 Shaffer 17.7x19.7 880 HDH4 MUX Shaffer Y NA"
"- SCARABEO 5 SS ME4500 1990 2003 ABS 6,500 6,500 25,000 - North Sea 40,000 10 106 265 226 29.5 77 4,740 95x23 DP-3 8x2,350 3 K-4 7,900 NA NA 16.5 60 60 NA NA 25 1,500 Dreco 40x40 3,000 C-E 1.75 49.5 Varco AR3000 Varco-TDS-4S M-H 600 A/P BJ Mark II Sensete"
"- SCARABEO 7 SS F&G Pacesetter GVA 1999 - DNV 4,920 4,920 25,000 - - 40,000 - 150 403 212 - - 3,500 81x21 - 4x3,200 - - - - - - 80 50 - - 15 1,500 Hydralift 40x40 3,390 Wirth - 49.5 - Hydralift HPS 650E Hydralift 600 - Hydralift - - - - - 4 Wirth TPK 2200"
"76 SCARABEO 8 SS Moss CD50 MKII 2012 NA DNV 10,000 10,000 35,000 2Q/17 North Sea 54,000 9.5 140 273 238 35 77.1 6600 118.6x37.6 DP-3 8x4,400 3 R5 7,900 NA NA 16.5 85 85 NA NA 35 2,000 WEI 85x40 4,000 NOV 2 60.5 UNITONG NOV HPS03 1000 NOV 1,000 A/P NOV NOV NA 20,000 NA 3,300 4 NOV 14-P-220 5,600 5,300 NA 13,400 N 5 1 1 3,500 6 NOV 21 H 21 75 T/B Cameron 10,000 15 4.5 4.5 4 5 Cameron 2 Cameron 12,5x14.8 880 HDH4 MUX Cameron Y NA"
"77 SCARABEO 9 SS Frigstad D-90 DRR 2011 NA DNV 10,000 12,000 50,000 1Q/17 Gulf of Mexico 62,000 10 200 265 250 36.8 77.4 7700 137.8x26.2 DP-3 8x5,766 NA NA NA NA NA NA 110 110 NA NA 44 2,000 Aker Solutions 74x25 Dual RamRig Aker Solutions NA 60.5 Aker Solutions MH DDM 1000 HY RR 1,000 st each Aker Ram Rig 2,000 A/P RamRig DrillView 15,000 25,000 NA 6,000 4 AS/Bomco 7500 pai 2200 HP 8,643 12,167 NA 30,000 Y 4 NA 2 4,800 6 Aker 21 RP16 21 50 T/B Aker 10,000 15 4 4, 3.5 5 5 Shaffer 2 Shaffer 14x14 820 HDH4 MUX Shaffer Y NA"
"- CERRADO DS Samsung 10,000 2011 - - - - - - - - - 200 748 138 28 39 20,000 84x41 DP-3 6x6,000 - - - - 1,230 - 85 85 85 85 - - - 80x60 5,750 - 2 60.5 - - - 2,000 A - - - - - - 4 - 6,000 - - 30,000 - - - - 3,200 8 Hydralift - FT-h 21 90 both - - 15 - - - 1"
"- SC LANCER DS Gusto Pelican Ice Class II 1977 2000 - 4,920 4,920 19,680 - Brazil - - 100 450 77 - - - - DP - - - - - - - 40 25 - - - 1,000 Pyramid 44x36 3,000 Gardner Denver 1.875 49.5 - - - - - - - - - - - 2 Gardner Denver - - - - - - - - - - - - - - - "
"78 SERTAO DS Samsung 10,000 2011 - - 10,000 10,000 37,400 - - - - 200 748 138 28 39 20,000 84x40 DP-3 6x6,000 - - - - 1,230 - 85 85 85 85 - - NOV 80x59 5,750 - 2 60.5 - - - 2,000 A - - - - - - 4 - 6,000 - - 30,000 - - - - 3,200 8 Hydralift - FT-H 21 90 both - - 15 - - - 1 - 2 - - - - - - - -"
"79 SS AMAZONIA SS F&G ExD Millennium 2011 - ABS 7,874 7,874 25,000 - - - - 135 345 254 24 55 5,500 87x22 DP-2 8x3,250 - - - 3 1,476 - 60 50 50 - - 2,000 Loadmaster 46x40 6,000 OEM TT1500 2 60.5 - - Control Flow 800 A/P - - - - - - 4 LEWCO/Le Tourneau 5,300 - - - - 4 1 1 2,500 6 Control Flow - MR-64 21 75 both VETCO - 15 - - - 5 Cameron - - - - - - - - -"
"- SS PANTANAL SS F&G ExD Millennium 2010 - ABS 6,560 6,560 25,000 - - - - 135 345 254 24 55 5,500 87x22 DP-2 8x3,250 - - - 3 1,476 - 60 50 50 - - 2,000 Loadmaster 46x40 6,000 OEM TT1500 2 60.5 - - Control Flow 800 A/P - - - - - - 4 LEWCO/Le Tourneau 5,300"
"- VITORIA 10000 DS Samsung 10,000 2010 - - 10,000 10,000 37,400 - - 56,000 - 200 748 138 28 39 20,000 84x41 DP-3 6x6,000 - - - - 1,230 - 85 85 85 85 - - NOV 80x60 5,750 - 2 60.5 - - - 2,000 A - - - - - - 4 - 6,000 - - 30,000 - - - - 3,200 8 Hydralift - FT"
"- WEST AURIGA DS SHI S10,000 2013 - ABS 12,000 10,000 40,000 3Q/20 GoM 56,300 12 200 748 138 - - 18,000 - DP-3 6x6,000 - - - - - - 85 85 85 85 - 2,500 - - 1,250 NOV - 60.5 Hydratong MPT 200 NOV 1250 NOV - A/P - - - - - - 4 NOV 14-P-220 13,000 - - - - 6 - "
"80 WEST AQUARIUS SS GVA 7500 2009 - DNV 10,000 10,000 35,000 2Q/17 Asia / Canada 50,500 6 180 382 317 30.5 75.5 7,000 63x26 DP-3 8x4,690 3.3 - 6,561 - - - 80 80 - - - 2,000 MH 47x47 4,500 Wirth 4500 - 60.5 Y 908Mt MH 1,000 A/P MH - - - - - 4 Wirth TPK - 2200HP 5,600 11,500 3,200 32,000 Y 6 0 1 3,600 Inline M-H 60.5 - 19.25 (ID) 75 T/B Cameron - 15 4.5 3.5 1 5 Cameron 2 Cameron - - Cameron MUX Cameron - -"
"81 WEST CAPELLA DS Samsung 10,000 2008 - ABS 10,000 10,000 37,500 2Q/17 West Africa 64,500 11 180 748 138 27.2 39.4 20,000 84x31 DP-3 6x5,360 - - - - - - 93 93 93 93 - 1x2,000, 1x1,000 NOV 60x80 5,760 SSGD-5760 - 60.5 Y (2) NOV-Hydralift HPS10002E-AC-KT NOV-Hydralift 1,000 A/P NOV - - - - - 4 National Oilwell 14P220 6,040 8460 3,100 32,500 - 6 1 1 3,200 16 NOV 60.5 - 19.25 (ID) 90 T/B Shaffer - 15 4.5 4 1 6 Shaffer 2 Shaffer - - Vetco H4 MUX Shaffer - -"
"- WEST CAPRICORN SS Friede & Goldman, ExD Class 2011 - ABS 7,500 10,000 37,500 3Q/17 GoM 50,500 7 180 379 296 27.7 65.5 7,000 - DPS-2+ 8x4,485 - - - - - - 105 105 - - 44 2,500 MH 52x46 4,500 Wirth GH4500 - 60.5 Y (2) 908Mt MH 1,000 A/P MH - - - - - 4 Wirt"
"- WEST CARINA DS Samsung 12,000 2014 - ABS 12,000 12,000 37,500 1Q/15 Asia 56,300 12 200 748 138 - - 18,000 - DP-3 6x6,000 - - - - - - 85 85 85 165 - 2,500 - - 1,250 NOV - 60.5 Hydratong MPT 200 NOV 1250 NOV - A/P - - - - - - 4 NOV 14-P-220 13,000 - - - -"
"- WEST ECLIPSE SS F&G ExD Millennium 2011 - ABS 7,500 12,000 37,500 1Q/15 West Africa 40,480 4 180 398 298 27.6 55.8 7,000 135.6x29.52 DP-2 8x4425 3.3 ORQ4 1443 - - 13.22 100 100 - - 44 2,000 AKMH 46x52 4,500 Wirth 2 60.5 BC26-MH-1899 AKMH-DDM-AC-2M AKMH "
"82 WEST EMINENCE SS Moss CS50 MkII 2009 - DNV 10,000 10,000 30,000 3Q/15 Brazil 50,500 8 180 273 239 32.3 77 6,100 - DP-3 8x4,485 3 - - - - - 80 80 - - - 1x2,000, 1x1,000 MH MHram-rig NA NA NA 60.5/49.5 Y (2) Main 908Mt/Aux 454Mt MH 1,500/750 A/P MH - - - - - 4 Wirth TPK - 2200HP 6,300 6,900 3,100 29,600 Y 5 1 1 3,200 Inline M-H 60 - 21 75 T/B Cameron - 15 4.5 3.5 1 5 Cameron 2 Cameron - - Cameron MUX Cameron - -"
"- WEST GEMINI DS Samsung 10,000 2010 - ABS 10,000 10,000 37,500 4Q/17 West Africa 64,500 11 180 748 138 27.2 39.4 20,000 84x31 DP-3 6x5,360 - - - - - - 93 93 93 93 - 1x2,000, 1x1,000 NOV 60x80 5,760 SSGD-5760 - 60.5 Y (2) NOV-Hydralift HPS10002E-AC-KT NOV"
"83 WEST HERCULES SS GVA 7500 2008 - DNV 10,000 10,000 35,000 1Q/17 North Sea 50,500 6 180 382 317 30.5 75.5 7,000 63x26 DP-3 8x4,690 3.3 - 6,561 - - - 80 80 - - - 2,000 MH 47x47 4,500 Wirth 4500 - 60.5 Y 908Mt MH 1,000 A/P MH - - - - - 4 Wirth TPK - 2200HP 5,600 11,500 3,200 32,000 Y 6 0 1 3,600 Inline M-H 60.5 - 19.25 (ID) 75 T/B Cameron - 15 4.5 3.5 1 5 Cameron 2 Cameron - - Cameron MUX Cameron - -"
"84 WEST JUPITER DS Samsung 12,000 2014 - ABS 12,000 12,000 37,500 1Q/15 Asia 56,300 12 200 748 138 - - 18,000 - DP-3 6x6,000 - - - - - - 85 85 85 165 - 2,500 - - 1,250 NOV - 60.5 Hydratong MPT 200 NOV 1250 NOV - A/P - - - - - - 4 NOV 14-P-220 13,000 - - - - 6 - - 1,800 8 - - FT-H 19.25 (ID) 90 - Shaffer - 15 4.5 - - 7 Shaffer - - - - - - - - -"
"- WEST LEO SS Moss CS50 MkII 2012 - DNV 10,000 10,000 35,000 2Q/18 West Africa 49,300 8 192 387 239 32.3 77 6,800 - DP-3 8x5,100 - - - - - - 105 105 - - - 2,000 NOV - 5,750 NOV 1000 - 60.5 Y (2) NOV HPS 1000 NOV - A/P NOV - - - - - 4 National Oilwell 14P2"
"85 WEST NAVIGATOR DS MST Converted to Drillship 2000 - DNV 7,500 8,200 35,000 1Q/15 North Sea 43,000 12 117 830 138 43 43 9,900 63x39 DP-3 4x6,120 + main skrew - - - - - - 77 38.6 38.6 11 30/35 1x1,500 + 1x1,300 MH MHram-rig NA NA NA 60.5 (2) Y (2) MH 1x650 + 1x750 MH 2x1,300 A/P MH - - - - - 3 National Oilwell 14P220 6,600 5,700 NA 29,600 Y 6 1 2 2,560 16 M-H 60 - 21 75 T/B Dril-Quip - 15 4.5 3.5 1 5 Hydril 2 Hydril NA NA DrilQuip DX MUX Hydril Y 3,000"
"- WEST NEPTUNE DS Samsung 12,000 2014 - ABS 12,000 12,000 37,500 4Q/17 GoM 56,300 12 200 748 138 - - 18,000 - DP-3 6x6,000 - - - - - - 85 85 85 165 - 2,500 - - 1250 NOV - 60.5 Hydratong MPT 200 NOV 1250 NOV - A/P - - - - - - 4 NOV 14-P-220 13,000 - - - - "
"86 WEST ORION SS Friede & Goldman, ExD Class 2010 - ABS 10,000 10,000 37,500 3Q/16 Brazil 50,500 7 180 379 296 27.7 65.5 7,000 - DPS-2+ 8x4,485 - - - - - - 105 105 - - 44 2,500 MH 52x46 4,500 Wirth GH4500 - 60.5 Y (2) 908Mt MH 1,000 A/P MH - - - - - 4 Wirth - 2200HP 6,800 11,900 4,800 27,400 Y 8 0 - 4,410 Inline M-H 60.5 - 19.25 (ID) 75 T/B Cameron - 15 4.5 3.5 1 5 Cameron 2 Cameron - - Cameron MUX Cameron - -"
"87 WEST PEGASUS SS Moss CS50 MkII 2011 - DNV 10,000 10,000 35,000 3Q/16 Mexico 49,300 8 192 387 239 32.3 77 6,800 - DP-3 8x5,100 - - - - - - 105 105 - - - 2,000 NOV - 5,750 NOV 1000 - 60.5 Y (2) NOV HPS 1000 NOV - A/P NOV - - - - - 4 National Oilwell 14P220 6,300 6,300 3,500 27,400 - 6 1 1 3,200 Inline NOV 60.5 - 18.75 (ID) 75 T/B Shaffer - 15 4.5 3.5 1 6 Shaffer 2 Shaffer - - - MUX Shaffer - -"
"- WEST PHOENIX SS Moss CS50 MkII 2008 - DNV 10,000 10,000 30,000 4Q/15 North Sea 50,500 8 128 273 239 32.3 77 6,100 - DP-3 8x4,485 3 NV R4 8x7,800 - - - 80 80 - - - 1x2,000, 1x1,000 MH MHram-rig NA NA NA 60.5/49.5 Y (2) Main 908Mt/Aux 454Mt MH 1,500/750 A"
"- WEST POLARIS DS Samsung 10,000 2008 - ABS 10,000 10,000 37,500 1Q/18 West Africa 64,500 11 180 748 138 27.2 39.4 20,000 84x31 DP-3 6x5,360 - - - - - - 93 93 93 93 - 1x2,000, 1x1,000 NOV 60x80 5,760 SSGD-5760 - 60.5 Y (2) NOV-Hydralift HPS10002E-AC-KT NO"
"- WEST SIRIUS SS Friede & Goldman, ExD Class 2008 - ABS 10,000 10,000 37,500 3Q/14 GoM 50,500 7 180 379 296 27.7 65.5 7,000 - DPS-2+ 8x4,485 - - - - - - 105 105 - - 44 2,500 MH 52x46 4,500 Wirth GH4500 - 60.5 Y (2) NOV 1250 MH 1,000 A/P MH - - - - - 4 Wir"
"88 WEST TAURUS SS Friede & Goldman, ExD Class 2008 - ABS 10,000 10,000 37,500 1Q/15 Brazil 50,500 7 180 379 296 27.7 65.5 7,000 - DPS-2+ 8x4,485 - - - - - - 105 105 - - 44 2,500 MH 52x46 4,500 Wirth GH4500 - 60.5 Y (2) 908Mt MH 1,000 A/P MH - - - - - 4 Wirth - 2200HP 6,800 11,900 4,800 27,400 Y 8 0 - 4,410 Inline M-H 60.5 - 19.25 (ID) 75 T/B Cameron - 15 4.5 3.5 1 5 Cameron 2 Cameron - - Cameron MUX Cameron - -"
"- WEST TELLUS DS Samsung 12,000 2013 - DNV 10,000 12,000 37,500 3Q/14 West Africa 56,300 12 200 748 138 - - 18,000 - DP-3 6x6,000 - - - - - - 85 85 85 165 - 2,500 - - 1,250 NOV - 60.5 Hydratong MPT 200 NOV 1250 NOV - A/P - - - - - - 4 NOV 14-P-220 13,000 "
"89 WEST VELA DS SHI S10,000 2013 - ABS 10,000 12,000 37,500 4Q/20 GoM 56,300 12 200 748 138 - - 18,000 - DP-3 6x6,000 - - - - - - 85 85 85 85 - 2,500 - - 1,250 NOV - 60.5 Hydratong MPT 200 NOV 1250 NOV - A/P - - - - - - 4 NOV 14-P-220 13,000 - - - - 6 - - 1,800 8 - - FT-H 19.25 (ID) 90 - Shaffer - 15 4.5 - - 7 Shaffer - - - - - - - - -"
"- SEVAN BRASIL SS Sevan 650 2012 - DNV 10,000 12,000 40,000 3Q/18 Brazil 56,300 8 150 - - - - - - - 8x5,100 - - - - - - 100 100 - - - - - - - - - - - - - - - - - - - - - 4 - - - - 18,000 - - - - 3,200 - DAT - - - - - - - 15 - - - 6 - - - - - - - - - -"
"- SEVAN DEVELOPER DS Sevan 650 2014 - - 12,500 12,500 40,000 2Q/16 Brazil 56,300 8 150 - - - - - - - 8x5,100 - - - - - - 100 100 - - - - - - - - - - - - - - - - - - - - - 4 - - - - 18,000 - - - - 3,200 - DAT - - - - - - - 15 - - - 6 - - - - - - - - - -"
"90 SEVAN DRILLER SS Sevan 650 2009 - - 12,500 12,500 40,000 2Q/16 Brazil - 9-Jul 150 279 246 - - - - - 8x5,100 - - - - - - 100 100 - - - - - - - - - - - - - - - - - - - - - 4 - - - - 18,000 - - - - 3,200 - DAT - - - - - - - 15 - - - 6 - - - - - - - - - -"
"91 SEVAN LOUISIANA SS Sevan 650 2013 - - 10,000 10,000 - 2Q/17 GoM 56,300 8 150 - - - - - - - 8x5,100 - - - - - - 100 100 - - - - - - - - - - - - - - - - - - - - - 4 - - - - 18,000 - - - - 3,200 - DAT - - - - - - - 15 - - - 6 - - - - - - - - - -"
"92 STENA CARRON DS Stena/Samsung 2008 - DNV 7,500 10,000 35,000 4Q/16 International 60,000 12 180 748 137.8 26.25 39.4 22,046 84x41 DP-3 6x5,500 - - - - - 14 94 94 94 - 44 2,000 NOV-HydraLift - Hoist Cyl Rig NOV-HydraLift - 60.5/ 49.5 NOV-HydraLift NOV-HydraLift NOV-HydraLift 1,000/661 A/P NOV-HydraLift Hitec, MDT Nil Nil 15,000 Nil 4 NOV FC2200 5,346 15,096 3145 29,664 1 5 1 1 3,600 6 NOV-HydraLift 60.5 F 21 80 Both Cameron 10,000 15 4.5 4.5/4.5 5 6 Cameron 2 Cameron 16.7x13.1 782 SHDH4 MUX Cameron Y 2,000"
"- STENA DRILLMAX DS Stena/Samsung 2007 - DNV 7,500 10,000 35,000 2Q/16 International 56,300 12 180 748 137.8 26.25 39.4 22,046 84x41 DP-3 6x5,500 - - - - - 14 94 94 94 - 44 2,000 NOV-HydraLift - Hoist Cyl Rig NOV-HydraLift - 60.5/ 49.5 NOV-HydraLift NOV-H"
"- STENA FORTH DS Stena/Samsung 2009 - DNV 7,500 10,000 35,000 4Q/15 International 60,000 12 180 748 137.8 26.25 39.4 22,046 84x41 DP-3 6x5,500 - - - - - 14 94 94 94 - 44 2,000 NOV-HydraLift - Hoist Cyl Rig NOV-HydraLift - 60.5/ 49.6 NOV-HydraLift NOV-Hydr"
"93 STENA ICEMAX DS Stena/Samsung 2012 - DNV 7,500 10,000 35,000 2Q/17 International 60,000 12 180 748 137.8 26.25 39.4 16,535 84x41 DP-3 6x5,500 - - - - - 14 94 94 94 94 44 2,000 NOV-HydraLift - Hoist Cyl Rig NOV-HydraLift - 60.5/ 49.7 NOV-HydraLift NOV-HydraLift NOV-HydraLift 1,000/661 A/P NOV-HydraLift Hitec, MDT Nil Nil 15,000 Nil 4 NOV FC2200 5,346 15,096 3145 29,664 1 5 1 1 3,600 6 NOV-HydraLift 60.5 F 21 80 Both Cameron 10,000 15 4.5 4.5/4.5 5 6 Cameron 2 Cameron 16.7x13.1 762 SHDH4 MUX Cameron Y 2,000"
"- CAJUN EXPRESS SS SFXpress 2000 2001 - ABS 8,500 8,500 35,000 4Q/18 Morocco/Senegal 41,230 10 140 349 226 29.5 65.5 8,800 144x46 DP-3 4x9,400 - - - 3.5 6,000 15 71 71 - - 30 2,057 J.Paris 167x39 6,600 N-O Hitec 2 60.5 MOS CanRig - 1,500 A Varco-PRS-5R (2"
"94 DEEPWATER ASGARD DS DSME 12000 Ultradeepwater DS 2014 - DNV 10,000 12,000 40,000 Q2 2017 Indonesia 56,300 12.5 200 781 138 29.5 39 25,353 82x41.3 DP-3 6x7,372 - - - - - - 181 110 110 110 - 5,000 Aker MH RamRig 9,000/6,000 Aker MH 2 75.5/60.5 Aker MH BC 561 M-H MDDM 1250-AC (2) Aker MH CMC 1,500/1,000 A Aker MH Racking - - - - - 4 Aker MH Wirth TPK-7.1/2 8,000 12,000 5,031 28,251 - 8 - - 4,000 8 Aker MH 78.5 H 21 75 - Cameron 10,000 15 - - - 7 Cameron 2 Cameron - - Cameron EVO MUX Cameron Y -"
"95 DEEPWATER CHAMPION DS Transocean/MSC Gusto P10000 2011 - DNV 10,000 12,000 40,000 4Q/19 GoM 60,346 14 210 752 118 30 36 23,888 73.5x42 DP-2 6x6,705 - - - - - - 181 110 93.5 93.5 - 4,000 NOV 80x60 6.900/5,750 NOV 2 75.5/60.7 Aker MH BC 561 NOV TDS-1000 AC / NOV TDS-8S AC NOV (AHD) 2,260/1,700 A NOV PRS-5 (2) NOV - - Y - 4 National Oilwell 14P-220 10,956 8.975 8,440 32,000 - 8 1 1 3,500 14 NOV 72 G 21 75 - Vetco 10,000 15 4.5 4 1 6 Hydril 2 Hydril - - Vetco SHDH4 MUX Hydril Y -"
"- DEEPWATER DISCOVERY DS RBF/Samsung 2000 - ABS 10,000 10,000 30,000 3Q/18 Nigeria 42,900 12.2 140 746.5 137.8 27.9 39.4 24,251 52x40 DPS 3 6x7,375 - - - - - 44.1 88.2 88.2 88.2 88.2 - 1,200 Dreco 95x75 5,000 C-E 2 60.5 Varco AR3200C Varco TDS-4S Shaffer "
"- DEEPWATER EXPEDITION DS Rauma Repola Arctic 1999 - DNV 8,500 8,500 30,000 4Q/18 Saudi Arabia 26,000 14 130 564 93 26 26 8,500 26x28 Autr. DP. 6x3,750 3 2 1,080/990 - - 2x6.0 80 80 40 - 30 2,600 Enfab 55x85 5,000 C-E 2 49.5 Varco AR3200C Varco TDS-4S Sha"
"- DEEPWATER FRONTIER DS Conoco/Reading & Bates 1999 - ABS 10,000 10,000 30,000 3Q/18 Australia 46,797 10 160 726 138 28 43 22,928 42x41 DP-3 6x5,360 - - - - - - 50 50 50 85 35 2,000 Dreco 48x40 6,600 Dreco/Hitec 2 60.5 Varco AR3200 Varco TDS-8S Hitec Acti"
"- DEEPWATER INVICTUS DS DSME 12000 Ultradeepwater DS 2014 - DNV 10,000 12,000 40,000 Q2 2017 GoM 56,300 12.5 200 781 138 29.5 39 25,353 82x41.3 DP-3 6x7,372 - - - - - - 181 110 110 110 - 5,000 Aker MH RamRig 9,000/6,000 Aker MH 2 75.5/60.6 Aker MH BC 561 "
"- DEEPWATER MILLENNIUM DS Conoco/Reading & Bates 1999 - ABS 10,000 10,000 30,000 2Q/19 Australia 46,797 10 130 726 138 28 43 22,928 42x41 DP-3 6x5,360 - - - - - - 55 55 55 94 35 2,000 Dreco 48x40 6,600 Dreco/Hitec 2 60.5 Varco AR3200 Varco TDS-8S Hitec Ac"
"- DEEPWATER NAVIGATOR DS Earl & Wright Sedco 400 1971 2000 DNV 7,200 7,200 25,000 1Q/20 Brazil 24,000 6 127 550.3 86.5 25 25 12,304 29x29.3 NMD-2 11x800, 4x2,000 2.25 K3 1,900 - - 2x6.2 79 24 79 - 34 1,500 Dreco 40x40 3,000 Oilwell 1.75 60.5 Varco AR3200C"
"- DEEPWATER PATHFINDER DS Conoco/Reading & Bates 1998 - ABS 10,000 10,000 30,000 2Q/19 GoM 46,797 10 130 726 138 28 43 22,928 42x41 DP-3 6x5,360 - - - - - - 50 50 50 85 35 2,000 Dreco 48x40 6,600 Dreco/Hitec 2 60.5 Varco AR3200 Varco TDS-8S Hitec Active A"
"96 DEVELOPMENT DRILLER III SS Keppel Fels MSC DSS 51 2009 - ABS 7,500 10,000 37,500 4Q/20 GoM 54,080 5 200 257 256 32 67 14,881 136x25 DPS 2 8x5,360 3.5 K4 1,970 - - 16.5 150 150 16.5 - - 3,000 NOV 57x52 6,900/4,600 NOV 2 60.5/49.5 NOV ARN-200 (2) NOV HPS-1000 & NOV HPS-500 NOV (AHD) 2,000/1,000 A Hydralift Br. Crane NOV - - Y - 4 NOV 14-P-220 19,500 10,000 4,717 48,000 - 7 - - 3,000 12 NOV 20 - 21 75 - Kvaerner 7,500 15 4 6 1 6 Hydril 2 Hydril - - Vetco SHDH4 MUX Hydril Y 1,653"
"97 DHIRUBHAI DEEPWATER KG1 DS Samsung 10000 2009 - ABS 10,000 12,000 35,000 3Q/18 India 56,320 12 200 748 137 28 39 22,046 84x41 DP-3 6x5,500 - - - - - - 94 94 94 94 - 4,000 NOV 80x60 5,750 NOV 2 60.5 dual Hydro racker Hydralift HPS-1000 2E AC NOV CMC-1000-25 2x1,000 P Hydraracker HR-IV NOV - Y Y - 4 NOV 14-P-220 5,500 6,500 5,031 31,384 - 6 1 1 3,200 8 Shaffer 60.5 H 21 90 T Shaffer 10,000 15 4.5 4 1 6 Shaffer 2 Shaffer - 884 Vetco DWHD H4 MUX Shaffer Y -"
"97 DHIRUBHAI DEEPWATER KG2 DS Samsung 10000 2010 - ABS 12,000 12,000 35,000 1Q/19 India 56,320 12 200 748 137 28 39 22,046 84x41 DP-3 6x5,500 - - - - - - 94 94 94 94 - 4,000 NOV 80x60 5,750 NOV 2 60.5 Dual Hydro racker Hydralift HPS-1000 2E AC NOV CMC-1000-25 2x1,000 P Hydraracker HR-IV NOV - Y Y - 4 NOV 14-P-220 5,500 6,500 5,031 31,384 - 6 1 1 3,200 8 Shaffer 60.5 H 21 90 T Shaffer 12,000 15 4.5 4 1 6 Shaffer 2 Shaffer - 884 Vetco DWHD H4 MUX Shaffer Y -"
"98 DISCOVERER AMERICAS DS Enhanced Enterprise Class 2009 - DNV 10,000 12,000 40,000 1Q/20 Tanzania 56,320 12 200 835 125 39 42 22,046 72.5x30 SDP 32 6x7,000 - - - - - - 110 110 110 110 - 5,000 Dreco 80x80 6,900x2 NOV 2 75.5/60.7 AR-5000 M-H MDDM 1250-AC (2) NOV (AHD) 2x2,000 A NOV PRS-5 (2) NOV - - Y - 4 NOV HEX-240 7,890 11,568 11,095 32,000 - 10 MC MC 4,800 6 Hydralift 60 G 21 75 T/B Vetco 10,000 15 4.5 4.5 1 6 Hydril 1 Hydril 18x15 632 Vetco SHDH4 MUX Hydril Y -"
"98 DISCOVERER CLEAR LEADER DS Enhanced Enterprise Class 2009 - DNV 10,000 12,000 40,000 3Q/18 GoM 56,320 12 200 835 125 39 42 22,046 72.5x30 SDP 32 6x7,000 - - - - - - 110 110 110 110 - 5,000 Dreco 80x80 6,900x2 NOV 2 75.5/60.6 AR-5000 M-H MDDM 1250-AC (2) NOV (AHD) 2x2,000 A NOV PRS-5 (2) NOV - - Y - 5 NOV HEX-240 7,890 11,568 11,095 32,000 Y 10 MC MC 4,800 6 Hydralift 60 G 21 75 T/B Vetco 10,000 15 4.5 4.5 1 6 Hydril 1 Hydril 18x15 632 Vetco SHDH4 MUX Hydril Y -"
"- DISCOVERER DEEP SEAS DS Enterprise Class 2001 - DNV 10,000 10,000 35,000 4Q/20 GoM 52,000 13 200 835 125 39 42 22,050 80x30 DP-2 6x7,000 - - - - - - 66 66 66 66 - 4,000 Dreco 80x80 5,000 C-E 2 60.5 (2) Varco AR3200 Varco TDS-8SS (2) Shaffer 2x1,000 A Va"
"- DISCOVERER ENTERPRISE DS Enterprise Class 1999 - DNV 10,000 10,000 35,000 4Q/18 GoM 52,000 13 200 835 125 39 42 22,050 80x30 DP-2 6x7,000 - - - - - - 66 66 66 66 - 4,000 Dreco 80x80 5,000 C-E 2 60.5 (2) Varco AR3200 Varco TDS-8SS (2) Shaffer 2x1,000 A V"
"- DISCOVERER INDIA DS Enhanced Enterprise Class 2010 - DNV 10,000 12,000 40,000 3Q/20 GoM 56,320 12 220 835 125 39 42 22,046 72.5x30 SDP 32 6x7,000 - - - - - - 110 110 110 110 - 5,000 Dreco 80x80 6,900x2 NOV 2 75.5/60.5 AR-5000 M-H MDDM 1250-AC (2) NOV (A"
"- DISCOVERER INSPIRATION DS Enhanced Enterprise Class 2010 - DNV 10,000 12,000 40,000 1Q/19 GoM 56,320 12 200 835 125 39 42 22,046 72.5x30 SDP 32 6x7,000 - - - - - - 110 110 110 110 - 5,000 Dreco 80x80 6,900x2 NOV 2 75.5/60.8 AR-5000 M-H MDDM 1250-AC (2) "
"- DISCOVERER LUANDA DS Enhanced Enterprise Class 2010 - DNV 7,500 12,000 40,000 1Q/22 Angola 56,320 13 200 835 125 39 42 22,046 72x30 SDP 32 6x7,000 - - - - - - 182 110 110 110 - 5,000 Dreco 80x80 6,900x2 NOV 2 75.5/60.5 AR-5000 M-H MDDM 1250-AC (2) NOV ("
"- DISCOVERER SEVEN SEAS DS Sonat Discoverer 1976 1997 ABS 7,000 7,000 25,000 3Q/18 Indonesia 21,500 10 140 534 86 16.7 24.9 9,507 26x26 DP 6x2,500 - - - - - - 35 35 60 - - 1,330 Pyramid 46x54 3,000 C-E 1.75 49.5 - Varco TDS-4S HSMC 600 P BJ Oilfield Instr"
"99 DISCOVERER SPIRIT DS Enterprise Class 2000 - DNV 10,000 10,000 35,000 2Q/18 GoM 52,000 13 200 835 125 39 42 22,050 80x30 DP-2 6x7,000 - - - - - - 66 66 66 66 - 4,000 Dreco 80x80 5,000 C-E 2 60.5 (2) Varco AR3200 Varco TDS-8SS (2) Shaffer 2x1,000 A Varco-PRS-5 (2) MDT Y - Y - 4 National Oilwell 14P-220 6,000 9,000 9,026 32,000 Y 8 2 2 4,800 6 Hydralift 60.5 F 21 75 I/B Vetco 10,000 15 4.5 3.826 2 6 Hydril 1 Hydril 18x15 708 Vetco HDH4 MUX Hydril Y 2,000"
"100 GSF C.R. LUIGS DS Global Marine 456 Class 2000 - ABS 10,000 10,000 35,000 2Q/18 GoM 46,320 12 150 759 118 28 33 24,600 42x42 DPS-3 6x6,700 - - - - - - 77 77 48 48 40 2,000 Dreco 60x55 5,000 National 2 49.5 Varco AR3200 Varco TDS-1000 AC Shaffer 1,000 A/P Varco-PRS-4i Varco Y - Y - 4 National Oilwell 14P-220 3,000 8,000 9,594 27,500 Y 8 2 - 3,000 12 Shaffer 21.25 F 21 75 T/B S&S 10,000 15 4.5 4 4 6 Cameron 1 Shaffer 15x20 726 Vetco HDH4 MUX Cameron Y 1,500"
"101 GSF DEVELOPMENT DRILLER II SS F&G ExD 2005 - ABS 7,500 10,000 37,500 2Q/18 GoM 40,766 8 152 324 258 26.9 49.2 7,716 140x28 DPS-2+ 8x4,300 3.25 ORQ-K4 3,260 3.5 10,500 16.5 165 165 17 - 39 3,000 (2,000/1,000) Bailey 52x57 7,000/4,500 National 1.75 (2) 60.5/49.5 Hydralift ARN-166 (2) Hydralift HPS-1000 2E AC/HPS-500 E AC National 2,000/1,000 A Hydralift Br. Crane Hydralift - Y Y - 4 National Oilwell 14P-220 6,850 12,200 4,868 27,395 Y 7 - 2 3,000 12 Hydralift 60.5 F 21 75 T/B Kværner 7,500 15 4.5 6 5 5 Hydril 1 Hydril 18x15 750 Vetco HDH4 MUX Hydril Y 2,000/1,000"
"- GSF EXPLORER DS Global Santa Fe 1972 1998 ABS 7,800 7,800 30,000 3Q/18 India 36,780 10 140 619 116 35 34 26,350 74x42 DPS-2 5x2,200, 4x3,000 - - - - - - 65 65 25 25 33 2,000 M.I.L. 42x61 5,000 National 2 49.5 Varco AR3200 Varco TDS-1000 AC Shaffer 1,000"
"- GSF JACK RYAN DS Global Marine 456 Class 2000 - ABS 10,000 10,000 35,000 3Q/18 Nigeria 46,320 12 150 759 118 28 33 24,600 42x42 DPS-3 6x6,750 - - - - - - 77 77 48 48 40 2,000 Dreco 60x55 5,000 National 2 49.5 Varco AR3200 Varco TDS-1000 AC Shaffer 1,000"
"- PETROBRAS 10000 DS Samsung 10000 2009 - ABS 10,000 12,000 37,500 3Q/23 Brazil 58,656 11 199 748 137 28 39 22,046 84x41 DP-3 6x6,035 - - - - - - 94 94 94 94 - 4,000 NOV 80x60 5,750x2 NOV 2 60.5 (2) dual Hydro racker Hydralift HPS-1000 2E AC NOV-CMC-1000-"
"- SEDCO 702 SS Sedco 700 Series 1973 2007 ABS 6,500 6,500 25,000 1Q/20 Nigeria 26,550 5 150 355 245 21 83 4,400 20x20 SDP 32 8x3,000 - - - - - - 67 54 - - - 1,300 LCMoore 50x40 3,000 Oilwell 1.75 49.5 NOV ST-80 Varco TDS-4S Rucker 600 P - - - Y - - 3 Nati"
"- SEDCO 706 SS Sedco 700 Series 1976 2008 ABS 6,500 6,500 25,000 2Q/18 Brazil 26,550 5 150 355 245 21 83 4,400 20x20 SDP 32 8x3,000 - - - - - - 67 54 - - - 1,300 Woolslayer 50x40 3,000 Oilwell 1.75 60.5 NOV ST-80 Varco TDS-4S Shaffer 600 P - - Y Y - - 3 N"
"- SEDCO 707 SS Sedco 700 Series 1976 1997 ABS 6,500 6,500 19,685 4Q/18 Brazil 26,400 6 112 355 245 21 70 5,000 23x16 DP-2 8x3,000 3 ORQ - - - 15 52.5 52.5 10 - - 1,000 Dreco 50x50 3,000 Oilwell 1.5 49.5 - Varco TDS-3 Shaffer 600 P - Hitec, SDI Y - - Y 3 N"
"- SEDCO EXPRESS SS SFXpress 2000 2001 - ABS 7,500 7,500 30,000 2Q/18 Nigeria 35,700 10 184 349 226 29.5 65.5 11,350 135x26 DP-3 4x9,383 - - - 2.5 2x3,280 15 71 71 - - 30 2,057 J.Paris 167x39 6,800 N-O Hitec 2 60.5 MOS CanRig - 1,500 A Varco-PRS-5R (2) MDT"
"102 TRANSOCEAN BARENTS SS Aker H-6e 2009 - DNV 6,500 10,000 30,000 2Q/18 Norway 56,528 8 140 295 230 32 75 7,716 75x34 DP-3 8x6,000 3.3 R4 6,562 - - 16.5 71 71 - - - 3,000 (2,000/1,000) Aker MH - Dual RamRig Dual RamRig - 60.5 (2) Aker Hyd Roughneck M-H MDDM 1,000-AC / 500-AC AKMH RamRig 2,000/1,000 A Aker MH Racking - - - - - 4 Aker MH Wirth TPK-7.1/2 5,025 5,675 8,805 27,545 - 4 - - 3,200 6 Aker MH 60.5 - 21 75 - Aker 6,500 15 4.5 4 1 5 Cameron 2 Cameron - - Cameron C-PRO MUX Cameron Y -"
"103 TRANSOCEAN SPITSBERGEN SS Aker H-6e 2009 - DNV 6,500 10,000 30,000 3Q/19 Norway 56,528 8 140 295 230 32 75 7,716 75x34 DP-3 8x6,000 3.3 R4 6,562 - - 16.5 71 71 - - - 3,000 (2,000/1,000) Aker MH - Dual RamRig Dual RamRig - 60.5 (2) Aker Hyd Roughneck M-H MDDM 1,000-AC / 500-AC AKMH RamRig 2,000/1,000 A Aker MH Racking - - - - - 4 Aker MH Wirth TPK-7.1/2 5,025 5,675 8,805 27,545 - 4 - - 3,200 6 Aker MH 60.5 - 21 75 - Aker 6,500 15 4.5 4 1 5 Cameron 2 Cameron - - Cameron C-PRO MUX Cameron Y -"
"- PLATINUM EXPLORER DS DSME Design 2010 NA ABS 10,000 12,000 40,000 4Q/15 India 56,322 12 180 781 138 27.88 39.8 22,046 82 x 41.3 DP - 3 6 - 6,166 HP each 4 K3 1,263 NA NA NA 93.7 55.1 55.1 55.1 44 2,000 AKMH 52 x 46 4,500 Wirth 2 60.5 / 49.5 1xAKMH1899 M"
"104 TITANIUM EXPLORER DS DSME Design 2012 NA ABS 10,000 12,000 40,000 3Q/20 GOM 56,322 12 180 781 138 27.88 39.8 22,046 82 x 41.3 DP - 3 6 - 7,375 HP each 4 K3 1,263 NA NA NA 93.7 93.7 93.7 55.1 44 2,500 AKMH 52 x 46 6,000 Wirth 2.25 60.5 / 49.5 1xAKMH1899 Mk II&1xTorqueM AKMH Model DDM-1250-AC-2M AKMH CMC 2,800 / 1,500 A AKMH/ BRC AKMH / Wirth N 15,000 15,000 N 4 Wirth TPK 7-1/2 X 14 /2200CL 8,936 10,535 5,118 28,252 N 6 NA 2 4,000 16 AKMH 21.25 H 21 75 B ADR 12,000 15 4.5 3.5 3 6 Cameron 2 Cameron 18 x 15.75 790 Cameron EVO MUX Cameron Y N"
"105 TUNGSTEN EXPLORER DS DSME Design 2013 NA ABS 10,000 12,000 40,000 2Q/14 Malaysia 56,322 12 200 781 138 27.88 39.8 22,046 82 x 41.3 DP - 3 6 - 7,375 HP each 4 K3 1,272 1.3 NA NA 93.7 93.7 93.7 55.1 44 2,800 AKMH 52 x 46 9,000 Wirth 2.25 75.5 / 49.5 1xAKMH1899 Mk II&1xTorqueM AKMH Model DDM-1000-AC-2M AKMH CMC 2,800 / 1,500 A AKMH/ BRC AKMH / Wirth N 12,000 12,000 N 4 Wirth TPK 7-1/2 X 14 /2200CL 8,884 10,560 5,118 28,547 N 8 NA 2 3,600 16 AKMH 21.25 H 21 75 B ADR 12,000 15 4.5 3.5 2 7 Cameron 2 Cameron 20 x 15.75 842 Cameron EVO MUX Cameron Y 2,200"
